-- phpMyAdmin SQL Dump
-- version 5.0.2
-- https://www.phpmyadmin.net/
--
-- Host: 127.0.0.1
-- Waktu pembuatan: 24 Sep 2020 pada 10.30
-- Versi server: 10.4.11-MariaDB
-- Versi PHP: 7.4.6

SET SQL_MODE = "NO_AUTO_VALUE_ON_ZERO";
START TRANSACTION;
SET time_zone = "+00:00";


/*!40101 SET @OLD_CHARACTER_SET_CLIENT=@@CHARACTER_SET_CLIENT */;
/*!40101 SET @OLD_CHARACTER_SET_RESULTS=@@CHARACTER_SET_RESULTS */;
/*!40101 SET @OLD_COLLATION_CONNECTION=@@COLLATION_CONNECTION */;
/*!40101 SET NAMES utf8mb4 */;

--
-- Database: `db_karateka`
--

-- --------------------------------------------------------

--
-- Struktur dari tabel `biodata`
--

CREATE TABLE `biodata` (
  `id_biodata` int(11) NOT NULL,
  `nama` text NOT NULL,
  `tempat_lahir` text NOT NULL,
  `tgl_lahir` date NOT NULL,
  `jenis_kelamin` int(11) NOT NULL,
  `dojo` int(11) NOT NULL,
  `status_karateka` int(11) NOT NULL
) ENGINE=InnoDB DEFAULT CHARSET=latin1;

--
-- Dumping data untuk tabel `biodata`
--

INSERT INTO `biodata` (`id_biodata`, `nama`, `tempat_lahir`, `tgl_lahir`, `jenis_kelamin`, `dojo`, `status_karateka`) VALUES
(1, 'I Gede Surya Jaya Laksana', 'Denpasar', '2010-08-25', 1, 1, 1),
(2, 'Satria Fajar Argo Pangestu', 'Surakarta', '2009-05-12', 1, 1, 1),
(3, 'I Gede Evan Putra Yudiasa', 'Buleleng', '2009-08-26', 1, 1, 1),
(4, 'Jro Ayu Chandra Dewi', 'Denpasar', '2010-03-26', 2, 1, 1),
(5, 'Jro Ngurah Whisnu Narendra', 'Badung', '2011-01-05', 1, 1, 1),
(6, 'I Putu Devara Trisan Maindra', 'Tabanan', '2011-07-01', 1, 1, 1),
(7, 'I Made Adi Mahendra', 'Denpasar', '2009-11-29', 1, 1, 1),
(8, 'A.A. Davindra Satya Sanjuaya', 'Denpasar', '2007-01-11', 1, 1, 1),
(9, 'I Made Galang Sastra Guna', 'Denpasar', '2008-10-02', 1, 1, 0),
(10, 'Agung Prabu Narotama', 'Denpasar', '2009-05-17', 1, 1, 0),
(11, 'Oliver Benett Soeharsono', 'Denpasar', '2009-12-23', 1, 1, 0),
(12, 'A.A. Parama Nanda Merta', 'Denpasar', '2008-09-06', 1, 1, 0),
(13, 'I Putu Dikharama', 'Denpasar', '2010-04-04', 1, 1, 0),
(14, 'Putu Bagus Kenzie Diharja', 'Denpasar', '2010-08-28', 1, 1, 0),
(15, 'I Made Praja Darmawan', 'Denpasar', '2010-09-10', 1, 1, 0),
(16, 'I Wayan Radithya Danandyaksa G.P.', 'Denpasar', '2011-12-07', 1, 1, 0),
(17, 'Komang Triguna Adi Darma', 'Tabanan', '2010-02-16', 1, 1, 1),
(18, 'Daiva Pramudita Prika Putra', 'Denpasar', '2009-11-03', 1, 1, 1),
(19, 'I Gde Ngurah Nararya Dimitriya Divanandita', 'Denpasar', '2010-04-16', 1, 1, 1),
(20, 'Made Genta Darma Prasatia', 'Denpasar', '2010-01-28', 1, 1, 1),
(21, 'I Gede Pande Hardana Pratama', 'Denpasar', '2009-04-19', 1, 1, 1),
(22, 'Shree Putu Arya Wira Wijaya', 'Selat', '2009-09-30', 1, 1, 1),
(23, 'Naviza Zahra Salsabil Prasetyo', 'Jember', '2010-10-16', 2, 1, 1),
(24, 'Ni Made Shafira Sri Hariyanti', 'Denpasar', '2011-07-17', 2, 1, 1),
(25, 'Putu Arjuna Putra Mulia', 'Denpasar', '2011-01-15', 1, 1, 1),
(26, 'I Made Kesava Pratyaksa Gaura', 'Denpasar', '2008-07-12', 1, 1, 1),
(27, 'Ni Wayan Lalitya Wicitra Maharani', 'Gianyar', '2012-02-05', 2, 2, 1),
(28, 'Putu Bhaswara Arya Sasmita', 'Denpasar', '2012-02-08', 1, 2, 1),
(29, 'Putu Adyastha Pradipta Mahawira', 'Denpasar', '2012-12-25', 1, 2, 1),
(30, 'Putu Aditya Mahardika', 'Denpasar', '2012-11-01', 1, 2, 1),
(31, 'I Made Dwi Primantara', 'Denpasar', '2012-05-22', 1, 2, 1),
(32, 'I Made Rai Kusawisantha', 'Denpasar', '2007-11-22', 1, 2, 1),
(33, 'I Gede Indra Kusuma', 'Wates Tengah', '2011-12-14', 1, 2, 1),
(34, 'Putu Arya Juventha Putra', 'Jakarta', '2012-04-24', 1, 2, 1),
(35, 'I Gede Gunamertha Yasa', 'Denpasar', '2008-11-10', 1, 3, 1),
(36, 'Ni Made Aishwarya Rai Karang', 'Denpasar', '2007-01-03', 2, 3, 1),
(37, 'Komang Savitri Vidula Athalia', 'Denpasar', '2009-04-16', 2, 3, 1),
(38, 'I Putu Dharma Narendra Putra', 'Denpasar', '2010-05-05', 1, 3, 1),
(39, 'Felicia Suryawan', 'Denpasar', '2004-02-25', 2, 4, 1),
(40, 'Ni Luh Krisna Advaita', 'Denpasar', '2010-05-29', 2, 4, 1),
(41, 'Putu Qyara Krisnanda Ganesti', 'Singaraja', '2009-05-06', 2, 4, 1),
(42, 'I Putu Eki Suryawan', 'Denpasar', '2008-09-11', 1, 4, 1),
(43, 'Putu Gavin Kalani Syandana Wijaya', 'Denpasar', '2009-12-23', 1, 4, 1),
(44, 'Putu Argha Satya Palguna', 'Sidetapa', '2009-05-12', 1, 4, 1),
(45, 'I Gede Sakka Sugyantara', 'Singaraja', '2010-06-05', 1, 4, 1),
(46, 'I Putu Darma Bagiyasa', 'Kubutambahan', '2009-03-09', 1, 4, 1),
(47, 'I Putu Agus Darmawan', 'Bangli', '2009-08-25', 1, 4, 1),
(48, 'Zaidan Surya Panjaitan', 'Denpasar', '2010-03-22', 1, 4, 1),
(49, 'Pebrian Aditya Putra', 'Denpasar', '2011-09-02', 1, 4, 1),
(50, 'Steve Jason', 'Denpasar', '2012-06-27', 1, 4, 1),
(51, 'I Nyoman Raditya Chandra Briliantama', 'Denpasar', '2010-04-25', 1, 4, 1),
(52, 'I Gede Mahesa Anggara Putra', 'Denpasar', '2009-08-18', 1, 4, 1),
(53, 'Achmad Syahron Ramadhan', 'Mataram', '2009-09-09', 1, 4, 1),
(54, 'Fatan Rizky Davinsyah', 'Denpasar', '2008-02-05', 1, 5, 1),
(55, 'I Komang Tri Wiguna Astawa', 'Denpasar', '2010-09-29', 1, 5, 1),
(56, 'Bianka Elka Rafael', 'Banyuwangi', '2010-05-17', 1, 5, 1),
(57, 'Gde Agung Pasek Wiryadhana Putra Artana', 'Singaraja', '2005-07-22', 1, 5, 1),
(58, 'Putu Dian Novita', 'Pengulon', '2007-08-10', 2, 5, 1),
(59, 'Gede Deni Aryasatya Wardana', 'Singaraja', '2008-12-24', 1, 5, 1),
(60, 'Made Citra Kirana Pramesty', 'Denpasar', '2008-07-04', 2, 5, 1),
(61, 'Makalya Zivana Putri Prayuda', 'Seririt', '2011-03-29', 2, 5, 1),
(62, 'Ni Putu Nathasya Putri', 'Denpasar', '2011-12-22', 2, 5, 1),
(63, 'Dinda Aqilah Triana', 'Denpasar', '2009-12-27', 2, 6, 1),
(64, 'Arya Bakti Darma Ali', 'Banyuwangi', '2009-10-14', 1, 6, 1),
(65, 'Defa Septo Ramadhani', 'Blitar', '2009-09-17', 1, 6, 1),
(66, 'Anak Agung Putu Gede Murti Mayura', 'Denpasar', '2009-06-10', 1, 6, 1),
(67, 'Gabriel Xavi Hernandes Sroyer', 'Manokwari', '2011-04-19', 1, 6, 1),
(68, 'Ibnu Herizon Alkhori', 'Banyuwangi', '2011-07-19', 1, 6, 1),
(69, 'Wirya Aditya Muazham', 'Banyuwangi', '2011-11-04', 1, 6, 1),
(70, 'I Ketut Adi Dharma Wicaksana', 'Denpasar', '2006-11-05', 1, 6, 1),
(71, 'Anak Agung Made Prama Yoga', 'Denpasar', '2010-04-22', 1, 6, 1),
(72, 'Muhammad Luthfi Nur Fathaan Majd', 'Denpasar', '2010-05-27', 1, 6, 1),
(73, 'Citra Nafisa Putri Willy', 'Denpasar', '2011-04-29', 2, 6, 1),
(74, 'Komang Ayudia Winanda Nesha', 'Gianyar', '2008-05-20', 2, 7, 1),
(75, 'Ni Kadek Sri Via Diantika', 'Denpasar', '2007-03-11', 2, 7, 1),
(76, 'I Gusti Agung Ayu Pradnya Paramita', 'Denpasar', '2008-01-17', 2, 7, 1),
(77, 'Jecelyn Aulia Putri Djunaedi', 'Denpasar', '2007-11-13', 2, 7, 1),
(78, 'Ida Ayu Karina Novita Damayanti', 'Denpasar', '2007-04-11', 2, 7, 1),
(79, 'Ni Luh Putu Ariantining', 'Kayuputih', '2007-12-11', 2, 7, 1),
(80, 'Made Yesika Armayanti', 'Denpasar', '2007-09-18', 1, 7, 1),
(81, 'I Made Lanca Pageh Wiranata', 'Denpasar', '2007-09-29', 2, 7, 1),
(82, 'Ni Kadek Classica Intaniar Sujana', 'Denpasar', '2008-02-08', 2, 7, 1),
(83, 'Putu Larashita Nayaswari', 'Denpasar', '2010-03-24', 2, 7, 1),
(84, 'Made Winanta Daneswara', 'Denpasar', '2010-09-30', 1, 7, 1),
(85, 'Fransiskus Hendra Setiawan', 'Denpasar', '2008-07-16', 1, 7, 1),
(86, 'Kadek Windu Mas Arya Artanta', 'Denpasar', '2009-12-26', 1, 7, 1),
(87, 'Nyoman Anugrah Mas Arya Widiantara', 'Denpasar', '2011-08-28', 1, 7, 1),
(88, 'Putu Sita Mas Aryanthi', 'Negara', '2007-12-11', 2, 7, 1),
(89, 'I Kt. Kusuma Dinata', 'Denpasar', '2010-07-30', 1, 8, 1),
(90, 'Pt. Agni Sumarjaya Teja', 'Denpasar', '2012-01-06', 1, 8, 1),
(91, 'I Gst. Ayu Mirah Dhinata S.', 'Denpasar', '2007-11-29', 2, 8, 1),
(92, 'A.A. Ayu Ulantari', 'Denpasar', '2004-01-27', 2, 8, 1),
(93, 'Ni Pt. Eka Suksmi Putri', 'Buleleng', '2004-04-29', 2, 8, 1),
(94, 'Putu Riko Aditya Nugraha', 'Denpasar', '2008-09-01', 1, 17, 1),
(95, 'Bernardino Putu Darrel Briantara', 'Denpasar', '2010-02-07', 1, 18, 1),
(96, 'Roncalli Nyoman Dyo Wirawan', 'Denpasar', '2009-09-22', 1, 18, 1),
(97, 'Octavianus Lendro Dede Madut', 'Ruteng', '2009-10-18', 1, 18, 1),
(98, 'Yosephina Carmelia Serlina Nggonde', 'Denpasar', '2007-06-21', 2, 18, 1),
(99, 'Bernadinus Marveliana Mali', 'Denpasar', '2010-05-20', 2, 18, 1),
(100, 'Ni Made Dwi Putri Agustini', 'Bebetin', '2011-08-17', 2, 9, 1),
(101, 'Putu Indira Leonita Divika', 'Gianyar', '2009-05-29', 2, 9, 1),
(102, 'Sang Putu Aditya Artananta', 'Denpasar', '2008-02-20', 1, 9, 1),
(103, 'Kadek Deva Cahyana', 'Singaraja', '2010-11-12', 1, 9, 1),
(104, 'Ni omang Novita Astuti', 'Denpasar', '2011-04-11', 2, 9, 1),
(105, 'Isya Istiana Apriliani', 'Praya-NTB', '2010-04-21', 2, 10, 1),
(106, 'I Komang Diki Maharta', 'Denpasar', '2010-03-03', 1, 10, 1),
(107, 'I Putu Sumerta', 'Denpasar', '2009-10-13', 1, 10, 1),
(108, 'I Gede Laksana Satria Wiguna', 'Denpasar', '2010-07-14', 1, 10, 1),
(109, 'Maulidya Kasih Pratiwi', 'Bojonegoro', '2010-02-16', 2, 10, 1),
(110, 'I Komang Merta Sukrayasa', 'Menyali', '2010-04-16', 1, 10, 1),
(111, 'Made Bagus Krisna Aryawangsa Putra A.', 'Denpasar', '2009-10-13', 1, 10, 1),
(112, 'Luh Gde Riski Kanaya Putri', 'Denpasar', '2009-10-15', 2, 10, 1),
(113, 'Dewa Gede Aditya Artawiguna', 'Denpasar', '2009-10-31', 1, 10, 1),
(114, 'I Putu Gathan Lanang Amerta Yoga', 'Denpasar', '2009-06-30', 1, 10, 1),
(115, 'Kadek Aditya Prihanjana', 'Badung', '2010-03-25', 1, 10, 1),
(116, 'I Komang Arta Wiguna', 'Denpasar', '2010-04-14', 1, 10, 1),
(117, 'I Komang Ajus Permana Wibawa', 'Denpasar', '2010-02-22', 1, 10, 1),
(118, 'M. Isman Prayuda', 'Praya', '2010-06-24', 1, 10, 1),
(119, 'Kadek Andicha Januarta', 'Singaraja', '2010-12-01', 1, 10, 1),
(120, 'I Komang Adi Darmayasa', 'Denpasar', '2009-06-06', 1, 10, 1),
(121, 'Kadek Evan Ardiasa', 'Denpasar', '2009-11-30', 1, 10, 1),
(122, 'Gede Hari Adi Pratama', 'Denpasar', '2010-01-03', 1, 10, 1),
(123, 'Putu Ayu Wrinda Dewi', 'Denpasar', '2010-01-13', 2, 10, 1),
(124, 'I Gede Rizky Pratama', 'Denpasar', '2009-04-12', 1, 10, 1),
(125, 'I Made Ananta Dwi Mahendra', 'Denpasar', '2009-12-17', 1, 10, 1),
(126, 'Ni Luh Putu Asri Andini', 'Denpasar', '2009-12-12', 2, 10, 1),
(127, 'Ahmad Faizal', 'Denpasar', '2009-02-04', 1, 10, 1),
(128, 'I Komang Setya Adi Pramarta', 'Denpasar', '2009-07-04', 1, 10, 1),
(129, 'Kadek Dwitya Ewa Pradevha', 'Denpasar', '2011-05-02', 1, 11, 1),
(130, 'Dewa Made ArthaWedananta', 'Gianyar', '2011-08-19', 1, 11, 1),
(131, 'I Putu Abiseka Ezar Dhananjaya', 'Tabanan', '2010-06-24', 1, 11, 1),
(132, 'Putu Debi Cahyantari', 'Denpasar', '2008-05-12', 2, 11, 1),
(133, 'I Gede Mudiana Rama Ari Putra', 'Karangasem', '2010-04-02', 1, 11, 1),
(134, 'I Putu Raditya Dharma Putra', 'Denpasar', '2011-01-30', 1, 11, 1),
(135, 'Ni Kadek Ratna Dewi', 'Denpasar', '2010-06-05', 2, 11, 1),
(136, 'Ketut Bagas Adi Putra', 'Denpasar', '2009-12-31', 1, 11, 1),
(137, 'I Ketut Nova Perdiwinata', 'Denpasar', '2007-11-22', 1, 11, 1),
(138, 'I Gede Rangga Pratama Putra', 'Denpasar', '2010-07-03', 1, 11, 1),
(139, 'I Gusti Putu Raspati Martha', 'Denpasar', '2010-11-19', 1, 11, 1),
(140, 'Ayu Deviana Arya Prameswari', 'Denpasar', '2009-08-20', 2, 11, 1),
(141, 'Putu Destha Dharma Mahendra', 'Candikuning', '2009-04-12', 1, 11, 1),
(142, 'A.A. Lanang Rai Dhira Pradita', 'Denpasar', '2011-03-16', 1, 11, 1),
(143, 'A.A. Lanang Apta Putra Rajendra', 'Denpasar', '2010-01-27', 1, 11, 1),
(144, 'I Made Dharma Satria Wiguna', 'Denpasar', '2010-12-31', 1, 11, 1),
(145, 'Andrian Widiantara Saputra', 'Denpasar', '2009-02-01', 1, 11, 1),
(146, 'I Made Anggara Waisaka Astina', 'Denpasar', '2011-05-17', 1, 11, 1),
(147, 'Ida Bagus Girvana Pasuruan', 'Denpasar', '2011-01-11', 1, 11, 1),
(148, 'I Gede Bali Wirawan', 'Samirenteng', '2009-12-29', 1, 12, 1),
(149, 'I Wayan Gede Krisna Murti Subawa', 'Denpasar', '2009-10-26', 1, 12, 1),
(150, 'I Putu Diandra Peramita Arsha', 'Denpasar', '2009-12-14', 2, 12, 1),
(151, 'Ni Putu Ayu Rubby Suwenita', 'Denpasar', '2010-11-02', 2, 12, 1),
(152, 'Muhamad Cahaya Bagus Dewa Dinata', 'Denpasar', '2010-05-20', 1, 12, 1),
(153, 'I Kadek Andra Radidtya Pramana', 'Denpasar', '2009-02-10', 1, 12, 1),
(154, 'I Komang Wiguna Sedana', 'Denpasar', '2010-03-28', 1, 12, 1),
(155, 'Ni Komang Clarisya Pressilia Putri', 'Denpasar', '2010-06-21', 2, 12, 1),
(156, 'Ni Komang Ayu Pradnya Ningrum', 'Denpasar', '2010-09-09', 2, 12, 1),
(157, 'Marvin Ferdinan Winarji Putri', 'Denpasar', '2010-01-21', 1, 12, 1),
(158, 'I Gede Radika Martha Pratama', 'Denpasar', '0000-00-00', 1, 12, 1),
(159, 'Kadek Kerisna Jaya Amerta', 'Denpasar', '2010-01-05', 1, 12, 1),
(160, 'I Putu Gede Sanjaya Putra', 'Denpasar', '2011-05-21', 1, 12, 1),
(161, 'I Wayan Widi Ari Candra', 'Denpasar', '2010-04-19', 1, 12, 1),
(162, 'Putu Rama Wijaya', 'Gianyar', '2009-12-30', 1, 12, 1),
(163, 'Syifa Aulia', 'Denpasar', '2009-06-11', 2, 12, 1),
(164, 'Ahmad Khadafi Arrahman', 'Denpasar', '2009-11-14', 1, 12, 1),
(165, 'I Komang Pasek Andika Putra', 'Denpasar', '2012-12-06', 1, 12, 1),
(166, 'Komang Deva Mas Pradnyana Putra', 'Denpasar', '2010-02-17', 1, 12, 1),
(167, 'Ketut Diva Mas Pradnyana Putra', 'Denpasar', '2010-02-17', 1, 12, 1),
(168, 'Mulyanto Agung Hariyadi', 'Denpasar', '2008-11-20', 1, 12, 1),
(169, 'I Gede Yogi Dharmawan Suputra', 'Denpasar', '2010-06-24', 1, 12, 1),
(170, 'M. Arkam Riawan', 'Denpasar', '2010-03-18', 1, 12, 1),
(171, 'Rafarel Akbar Aldila Saputra', 'Denpasar', '2009-10-09', 1, 12, 1),
(172, 'Putu Nasya Arda Sri Wulandari', 'Denpasar', '2010-04-17', 2, 12, 1),
(173, 'Divya Framarani', 'Denpasar', '2010-01-11', 2, 12, 1),
(174, 'I Kadek Bayu Suardana', 'Karangasem', '2008-08-17', 1, 12, 1),
(175, 'Anggita Rahma Priandini', 'Denpasar', '2010-02-20', 2, 12, 1),
(176, 'Ni Komang Wulandari Pande', 'Denpasar', '2009-09-04', 2, 12, 1),
(177, 'I Gede Arya Dika Mahaputra', 'Denpasar', '2011-05-02', 1, 12, 1),
(178, 'I Made Yogi Mahendra Saputra', 'Denpasar', '2010-02-04', 1, 12, 1),
(179, 'Ni Ketut Sekar Ayu Geriantari', 'Denpasar', '2010-03-24', 2, 12, 1),
(180, 'I Kadek Denis Prawira Negara', 'Br. Senapan', '2008-11-14', 1, 12, 1),
(181, 'Aulia Putri Nandari', 'Denpasar', '2009-11-27', 2, 12, 1),
(182, 'Rahmat Isyak Wardana', 'Banyuwangi', '2010-06-01', 1, 12, 1),
(183, 'Ni Made Trisna Aprilia', 'Denpasar', '2009-04-25', 2, 12, 1),
(184, 'I Gede Eka Aditya Putra', 'Denpasar', '2010-04-07', 1, 12, 1),
(185, 'Made Kanda Ary Danu Merta', 'Denpasar', '2010-01-30', 1, 12, 1),
(186, 'Radja Ubaydila Mendeh', 'Denpasar', '2011-02-25', 1, 12, 1),
(187, 'Galan Aldeano Arya Wistara', 'Denpasar', '2009-05-27', 1, 12, 1),
(188, 'I Komang Mylo Cakra Bhuana Nanditha', 'Denpasar', '2010-05-27', 1, 12, 1),
(189, 'Alfarizi Mandala Putra Wirawan', 'Denpasar', '2010-04-04', 1, 12, 1),
(190, 'Putu Rama Taraditya', 'Denpasar', '2010-11-15', 1, 12, 1),
(191, 'Stephanus Dipda Bintara Pratama', 'Karangasem', '2010-06-28', 1, 12, 1),
(192, 'Erland Gadi Putra', 'Denpasar', '2009-11-12', 1, 12, 1),
(193, 'Moh. Dzaky Araffi Setiawan', 'Denpasar', '2010-03-30', 1, 12, 1),
(194, 'I Made Ryan Maita Wijaya', 'Denpasar', '2010-09-25', 1, 12, 1),
(195, 'Putu Gede Arya Kusuma Apsara', 'Denpasar', '2009-04-11', 1, 12, 1),
(196, 'I Putu Nova Surya Pratama', 'Denpasar', '2008-11-13', 1, 13, 1),
(197, 'I Made Dika Candra', 'Denpasar', '2009-09-02', 1, 13, 1),
(198, 'Nabila Aurelia Fitri', 'Buleleng', '2011-02-09', 2, 13, 1),
(199, 'Naira Zahra', 'Denpasar', '2011-09-03', 2, 13, 1),
(200, 'Yonata Bagus Dermawan', 'Denpasar', '2008-07-14', 1, 13, 1),
(201, 'Yudo Setio Wicaksono', 'Denpasar', '2010-03-08', 1, 13, 1),
(202, 'I Putu Ananta Widya Pratama', 'Naga Sepaha', '2009-11-21', 1, 13, 1),
(203, 'I Made Agus Satria Wibawa Dharma', 'Denpasar', '2008-10-24', 1, 13, 1),
(204, 'Irsyad Kyan Musyaffa Siswanto', 'Mataram', '2010-04-10', 1, 13, 1),
(205, 'I Putu Gede Krisna Balaram', 'Denpasar', '2011-06-01', 1, 13, 1),
(206, 'Gede Rama Maheswara', 'Denpasar', '2011-05-25', 1, 13, 1),
(207, 'Putu Novy Widhiantari', 'Buleleng', '2010-02-11', 2, 13, 1),
(208, 'Putri Ari Chyntia', 'Denpasar', '2011-03-30', 2, 13, 1),
(209, 'Ni Putu Kirana Larasati Putri Kertiasih', 'Denpasar', '2011-05-07', 2, 13, 1),
(210, 'Ni Kadek Audrey Vania Maheswari', 'Denpasar', '2011-04-16', 2, 13, 1),
(211, 'Nathan Arya Sasmita', 'Denpasar', '2011-11-29', 1, 13, 1),
(212, 'Abdullah Ahmad Sirajuddin', 'Banyuwangi', '2008-12-28', 1, 13, 1),
(213, 'Ahmad Lucky Ismail Nurssyah Putra', 'Banyuwangi', '2011-03-31', 1, 13, 1),
(214, 'Ketut Nova Arimbawa', 'Denpasar', '2010-11-22', 1, 13, 1),
(215, 'Ni Putu Nandin Sastra Gayatri', 'Badung', '2011-11-03', 2, 13, 1),
(216, 'Putu Agus Wibisana', 'Denpasar', '2010-08-20', 1, 13, 1),
(217, 'Ridho Tri Andika', 'Denpasar', '2011-03-17', 1, 13, 1),
(218, 'I Dewa Gede Ananda Adhi Pramana P', 'Denpasar', '2011-06-03', 1, 13, 1),
(219, 'Ni Luh Tasya Purnami', 'Denpasar', '2010-07-08', 2, 13, 1),
(220, 'Khatarina Alexandria Kolo', 'Denpasar', '2011-06-27', 2, 13, 1),
(221, 'I Kadek Trisna Ananta Dharma Saputra', 'Denpasar', '2010-12-09', 1, 13, 1),
(222, 'I Kadek Devanantha Dwi Ardana Putra', 'Denpasar', '2012-07-28', 1, 14, 1),
(223, 'Fabian Imanuel Arung Pilirobo', 'Denpasar', '2011-09-30', 1, 14, 1),
(224, 'I Gede Rangga Darrel Dika Putra', 'Denpasar', '2011-10-11', 1, 14, 1),
(225, 'Yoel Reinald Suryanto', 'Denpasar', '2011-02-23', 1, 14, 1),
(226, 'Lioenell Chicarito', 'Bandung', '2012-09-04', 1, 14, 1),
(227, 'Kristianto Bidiawan', 'Malang', '2011-11-24', 1, 14, 1),
(228, 'Alviano Christian Ngantung', 'Denpasar', '2012-05-01', 1, 14, 1),
(229, 'Richard William Austin', 'Denpasar', '2010-09-27', 1, 14, 1),
(230, 'I Putu Aby Yoga Saputra', 'Pacung', '2011-12-15', 1, 14, 1),
(231, 'I Gst. Ngr. Agung Kd. Mahendra Suardinata', 'Denpasar', '2011-05-10', 1, 14, 1),
(232, 'Rafael Fransisco Selan', 'Denpasar', '2012-02-27', 1, 14, 1),
(233, 'I Gede Abhi Satya Puta Bhuana', 'Denpasar', '2011-12-18', 1, 14, 1),
(234, 'I Putu Gita Arsana', 'Denpasar', '2012-03-04', 1, 14, 1),
(235, 'Owen Xaxier', 'Denpasar', '2012-01-28', 1, 14, 1),
(236, 'Ida Ayu Andita Gita Aksobya', 'Yogyakarta', '2012-05-17', 1, 14, 1),
(237, 'Rafael', 'Denpasar', '2012-01-23', 1, 14, 1),
(238, 'I Gede Panji Evana Handryasa', 'Denpasar', '2012-07-03', 1, 14, 1),
(239, 'Arya Apriadi Wirawan', 'Denpasar', '2012-04-23', 1, 14, 1),
(240, 'Putu Bagus Luhur Purna Wiguna', 'Denpasar', '2012-02-07', 1, 14, 1),
(241, 'Ni Putu Keizya Devika Sari', 'Denpasar', '2012-03-19', 2, 14, 1),
(242, 'Md. Hardy Dwika Nugraha Nadera', 'Denpasar', '2011-12-23', 1, 14, 1),
(243, 'I Gede Ketut Surya Kevin Widya P.', 'Denpasar', '2010-07-20', 1, 14, 1),
(244, 'Ni Putu Indira Warsiki Putri Yudha', 'Denpasar', '2010-09-27', 2, 14, 1),
(245, 'Juniartha Saputra Tauho', 'Denpasar', '2012-10-06', 1, 14, 1),
(246, 'Jacksan Fernando Huang', 'Denpasar', '2011-04-08', 1, 14, 1),
(247, 'A.A.Ngr. Agung Oka Danendra', 'Denpasar', '2011-09-01', 1, 14, 1),
(248, 'Nephada Pratama Putra', 'Denpasar', '2010-06-11', 1, 14, 1),
(249, 'Kadek Rama Tristan Wistara', 'Denpasar', '2011-09-03', 1, 14, 1),
(250, 'Gede Raditya Asoka Putra', 'Denpasar', '2010-10-25', 1, 14, 1),
(251, 'Komang Agus Arya Darmawan', 'Klungkung', '2012-03-03', 1, 14, 1),
(252, 'Davin Stevanus Muliawan', 'Denpasar', '2012-05-13', 1, 14, 1),
(253, 'Alvino Rasta Farrel', 'Gilimanuk', '2011-12-11', 1, 14, 1),
(254, 'Ervan Kurniawan Winata', 'Denpasar', '2012-01-01', 1, 14, 1),
(255, 'Ni Luh Md. Masayu M. Acintya P.', 'Denpasar', '2011-03-20', 2, 15, 1),
(256, 'Ahmad Rizal Bakti Wijaya', 'Denpasar', '2009-08-04', 1, 15, 1),
(257, 'Ahmad Bellal Arifin', 'Jember', '2011-05-13', 1, 15, 1),
(258, 'Ni Luh Putu Gita Septiari', 'Denpasar', '2010-09-17', 2, 15, 1),
(259, 'Putu Mas Sedana Hariyasa', 'Tabanan', '2012-06-30', 1, 15, 1),
(260, 'Keyla Indah Pertiwi', 'Denpasar', '2012-03-04', 2, 15, 1),
(261, 'Erlangga Eka Saputra', 'Jember', '2011-02-28', 1, 16, 1),
(262, 'Sakinah Assahwa Rubina', 'Jember', '2009-12-09', 2, 16, 1),
(263, 'Kadek Andre Adinata', 'Singaraja', '2010-12-26', 1, 16, 1),
(264, 'Ni Made Pradnya Dewi Semariyani', 'Denpasar', '2011-03-31', 2, 16, 1),
(265, 'Clarissa Febriana Nurairin', 'Wonogiri', '2009-10-02', 2, 16, 1),
(266, 'Jessika Kaila Diah Rahmadani', 'Denpasar', '2010-10-16', 2, 16, 1),
(267, 'Ni Made Devianai Suarnita Nalyny', 'Denpasar', '2010-06-09', 2, 16, 1),
(268, 'Rahma Fajarina Ahmad', 'Denpasar', '2010-06-30', 2, 16, 1),
(269, 'Luh Gede Liana Sasmita', 'Denpasar', '2010-12-20', 2, 16, 1),
(270, 'I Gede Vino Suputra', 'Denpasar', '2009-10-11', 1, 16, 1),
(271, 'Desvita Afifah Setya Ningrum', 'Denpasar', '2010-04-12', 2, 16, 1),
(272, 'Rafi Kurniawan', 'Denpasar', '2009-10-10', 1, 16, 1),
(273, 'Kadek Shinta Sheevana Adnyani', 'Busungbiu', '2010-04-02', 2, 16, 1),
(274, 'Mukhamad Fais Ramadhan', 'Denpasar', '2010-08-29', 1, 16, 1),
(275, 'Ahmad Dika Yudistira', 'Jepara', '2010-10-08', 1, 16, 1),
(276, 'Safana Intani Putri', 'Tuban', '2009-09-29', 2, 16, 1),
(277, 'Nyoman Wiryawan Irawan', 'Jepara', '2008-01-06', 1, 16, 1),
(278, 'Aisha Aida Aldarosy', 'Denpasar', '2010-09-06', 2, 16, 1),
(279, 'Putu Tya Agni Oktavia', 'Denpasar', '2009-11-10', 2, 16, 1),
(280, 'Nyoman Tristan Wistarawan Adhy Putra S', 'Denpasar', '2011-05-09', 1, 2, 1),
(281, 'Gede Wisnu Pratama', 'Tabanan', '2011-04-15', 1, 2, 1),
(282, 'I Kadek Bayu Septiawan', 'Karangasem', '2009-09-24', 1, 2, 1),
(283, 'I Wayan Adi Saputra', 'Badung', '2003-11-20', 1, 2, 1),
(284, 'Putu Kartika Putri', 'Denpasar', '2027-06-20', 2, 3, 1),
(285, 'I Putu Kembar Hendra Dwipayana', 'Denpasar', '2011-11-08', 1, 3, 1),
(286, 'Ni Ketut Purnamaningsih', 'Denpasar', '2008-01-22', 2, 3, 1),
(287, 'I Tude Kembar Hendrik Dwipayana', 'Denpasar', '2011-11-08', 1, 3, 1),
(288, 'Gede Restu Satya Mandala', 'Denpasar', '2010-01-03', 1, 3, 1),
(289, 'Nabila Putri Larasati', 'Denpasar', '2007-11-19', 2, 3, 1),
(290, 'Pramudya Adi Mahendra', 'Lumajang ', '2010-12-01', 1, 3, 1),
(291, 'I Gusti Bagus Dhrista Cyavana', 'Denpasar', '2007-10-18', 1, 3, 1),
(292, 'I Made Genta Prabhawa', 'Denpasar', '2009-04-26', 1, 3, 1),
(293, 'Ni Kadek Anggrayani', 'Denpasar', '2009-05-26', 2, 5, 1),
(294, 'Nazwa Zaylina Irwansyah', 'Gianyar', '2010-11-13', 2, 5, 1),
(295, 'I Nyoman Doananda Samadiartha', 'Mataram', '1979-03-13', 1, 5, 1),
(296, 'Ketut Andika Putra', 'Denpasar', '2008-04-08', 1, 5, 1),
(297, 'Ngurah Devananda Baktisadhana', 'Denpasar', '2010-12-25', 1, 5, 1),
(298, 'I Putu Mertadana', 'Babakan', '2009-04-22', 1, 5, 1),
(299, 'Ni Kadek Biantari Rara Elvaretta', 'Denpasar', '2008-11-19', 2, 5, 1),
(300, 'Ketut Luna Manika Janetha', 'Gunung Sari', '2008-01-13', 2, 5, 1),
(301, 'Aulia Budi Ariska', 'Jember', '2008-12-24', 2, 5, 1),
(302, 'Kadek Dwika Aditya Arya Adnyana', 'Denpasar', '2007-09-17', 1, 5, 1),
(303, 'Muhammad Rizqy Maulana', 'Denpasar', '2009-03-13', 1, 6, 1),
(304, 'Hafiez Akbar', 'Denpasar', '2010-06-12', 1, 6, 1),
(305, 'I Gede Winasa Edy Purnama', 'Denpasar', '2007-05-31', 1, 6, 1),
(306, 'Gusti Ayu Kadek Mirah Widiadnyani', 'Yeh Sumbul', '2008-08-13', 1, 7, 1),
(307, 'A.A. Ngurah Bagus Jaya Artha', 'Denpasar', '2008-09-26', 1, 7, 1),
(308, 'Gusti Ayu Putu Widya Pratiwi', 'Yeh Sumbul', '2005-02-16', 2, 7, 1),
(309, 'I Made Egar Gargita Dwipa', 'Denpasar', '2008-09-09', 1, 7, 1),
(310, 'I Kadek Rangga Semarajaya Pinatih', 'Denpasar', '2008-09-05', 1, 7, 1),
(311, 'Komang Sutrisna Wijaya Kusuma', 'Denpasar', '2009-04-15', 1, 7, 1),
(312, 'I Gst. Pt. Mayun Dhinata S.', 'Denpasar', '2006-09-20', 1, 8, 1),
(313, 'I Gd. Dyandra Kusuma Pradipta', 'Denpasar', '2007-05-10', 1, 8, 1),
(314, 'Christian Setiawan', 'Denpasar', '2006-01-24', 1, 8, 1),
(315, 'Ni Putu Anggi Novyandani', 'Denpasar', '2008-11-18', 2, 9, 1),
(316, 'A.A. Ayu Widya Paramita', 'Denpasar', '2009-01-20', 2, 9, 1),
(317, 'I Dewa Gede Tri Adnyana', 'Denpasar', '2008-08-03', 1, 9, 1),
(318, ' Muhamad Nasya Zil.Firli', 'Lombok', '2008-08-16', 1, 10, 1),
(319, 'Amelia Anjani', 'Tasikmalaya', '2009-01-23', 2, 10, 1),
(320, 'Dewa Ngakan Made Rafintha Satyamali', 'Denpasar', '2010-05-16', 1, 10, 1),
(321, 'Putu Raditya Pratama', 'Denpasar', '2010-05-30', 1, 10, 1),
(322, 'I Ketut Bagus Adityawan', 'Denpasar', '2010-03-21', 1, 10, 1),
(323, 'I Putu Arya Wijaya', 'Denpasar', '2009-08-16', 1, 10, 1),
(324, 'Komang Bayu Astika Sanjaya', 'Denpasar', '2007-05-25', 1, 11, 1),
(325, 'I Nyoman Wardana Yasa', 'Denpasar', '2010-06-27', 1, 12, 1),
(326, 'I Gusti Ngurah Surya Dharma Putra', 'Denpasar', '2010-08-19', 1, 12, 1),
(327, 'Jessica Angel Koo', 'Denpasar', '2009-06-18', 2, 13, 1),
(328, 'Jasmin Aurura Sanjaya', 'Banyuwangi', '2011-12-06', 2, 14, 1),
(329, 'Putu Gede Arya Anggra Pratama', 'Jegu', '2008-09-09', 1, 15, 1),
(330, 'Agung Rizky Julian Saputra', 'Denpasar', '2009-01-07', 1, 15, 1),
(331, 'I Made Gede Bagus Wisnaya', 'Denpasar', '2010-10-26', 1, 16, 1),
(332, 'Budi Hariyanto', 'Denpasar', '2009-01-21', 1, 16, 1),
(333, 'I Putu Aditya Nugraha Wijanatha', 'Singaraja', '2018-06-16', 1, 2, 1),
(334, 'I Made Aristya Dwisaka Wijanatha', 'Buleleng', '0000-00-00', 1, 2, 1),
(335, 'Komang Wahyu Kusuma Wardhana', 'Gianyar', '2011-09-05', 1, 2, 1),
(336, 'I Gede Nata Widi Nugraha', 'Denpasar', '2011-11-01', 1, 2, 1),
(337, 'I Kadek Justin Raijaya Suputra', 'Denpasar', '2011-06-26', 1, 2, 1),
(338, 'I Nyoman Suryawan', 'Buleleng', '2003-12-20', 1, 2, 1),
(339, 'I Kadek Yoga Amrita', 'Denpasar', '2004-04-15', 1, 2, 1),
(340, 'Fitho Imanuel Fernandez', 'Denpasar', '2011-09-04', 1, 3, 1),
(341, 'Kadek Ngurah Mahisa Sanga Mandala', 'Denpasar', '2008-09-07', 1, 3, 1),
(342, 'Komang Ngurah Maheswara Aditya Putra', 'Denpasar', '2010-12-09', 1, 3, 1),
(343, 'Kadek Elita Aulia Januara', 'Badung', '2008-07-05', 2, 3, 1),
(344, 'Putu Tiara Aurellia Januara', 'Badung', '2007-04-17', 2, 3, 1),
(345, 'I Made Panji Brian Nugraha', 'Denpasar', '2005-01-31', 1, 3, 1),
(346, 'I Kadek Dwi Giantara Tirta', 'Jakarta', '2010-05-22', 1, 3, 1),
(347, 'I Gede Ganendra Dharma Dhyaksa', 'Denpasar', '2011-07-16', 1, 3, 1),
(348, 'Ni Putu Trisna Ayu Adisty', 'Singaraja', '2009-09-23', 2, 3, 1),
(349, 'I Ketut Asep Baskara', 'Denpasar', '2010-12-19', 1, 3, 1),
(350, 'I Gede Bayu Ariswantara', 'Tabanan', '2008-11-19', 1, 5, 1),
(351, 'Kadek Nova Widiana', 'Singaraja', '2005-11-14', 1, 5, 1),
(352, 'I Made Prama Gita Wiguna', 'Denpasar', '2007-09-24', 1, 5, 1),
(353, 'I Ketut Bagie Dwi Putra', 'Mataram', '2009-05-04', 1, 5, 1),
(354, 'Ayu Anatasya', 'Parigi', '2008-07-23', 2, 5, 1),
(355, 'Syiffia Rahma Khomariah', 'Denpasar', '2008-08-13', 2, 5, 1),
(356, 'Anindya Hasna Aqilah', 'Denpasar', '2008-04-22', 2, 5, 1),
(357, 'Putu Rama Aditya Saputra', 'Denpasar', '2008-03-13', 1, 5, 1),
(358, 'Made Dwi Lastari Dewi', 'Denpasar', '2008-01-28', 2, 5, 1),
(359, 'I Putu Davin Raissa Prayata', 'Tabanan', '2008-07-31', 1, 5, 1),
(360, 'Komang Arini', 'Denpasar', '2007-12-09', 2, 5, 1),
(361, 'Nindy Angela Primantha', 'Negara', '2008-05-05', 2, 5, 1),
(362, 'Pande Putu Cintya Lilis Suganda', 'Denpasar', '2006-03-12', 2, 5, 1),
(363, 'Ni Made Anjani Sari Dewi', 'Bangli', '2009-01-24', 2, 5, 1),
(364, 'Ni Putu Ayu Dea Paramita', 'Tabanan', '2008-01-04', 2, 5, 1),
(365, 'Ni Kadek Desy Puspita Sari', 'Singaraja', '2007-07-12', 2, 5, 1),
(366, 'I Putu Tirta Karmastika Karyana', 'Denpasar', '2008-06-22', 1, 5, 1),
(367, 'A.A. Arya Wiguna', 'Denpasar', '2005-03-10', 1, 6, 1),
(368, 'I Made Andhika Krisna Putra', 'Denpasar', '2008-05-18', 1, 7, 1),
(369, 'Kadek Sendy Ratna Suwandari', 'Bungkulan', '2010-07-09', 2, 7, 1),
(370, 'Kadek Satya Ananta', 'Bangli', '2012-03-05', 1, 8, 1),
(371, 'Kadek Tantri Mahardika Putri', 'Denpasar', '2008-07-16', 2, 17, 1),
(372, 'Putu Vincent Febriana Dharma Artha', 'Denpasar', '2010-01-02', 1, 8, 1),
(373, 'I Gede Eka Prasetya Wiguna', 'Denpasar', '2009-09-12', 1, 17, 1),
(374, 'I Gede Hendra Sastrawan', 'Denpasar', '2010-03-19', 1, 17, 1),
(375, 'Ni Putu Pradnya Paramita Suari', 'Denpasar', '2008-07-15', 2, 17, 1),
(376, 'Ni Luh Putu Setia Diwi', 'Bangli', '2009-08-09', 2, 9, 1),
(377, 'Luh Putu Aswa Anantasya Putri', 'Denpasar', '2011-04-27', 2, 9, 1),
(378, 'Kadek Rahayu Devi', 'Denpasar', '2011-03-06', 2, 9, 1),
(379, 'Kadek Raisa Anindya Kirana', 'Denpasar', '2009-11-18', 2, 9, 1),
(380, 'I Putu Raka Adi Pratama', 'Denpasar', '2010-10-27', 1, 9, 1),
(381, 'Michael Dwiputra Satria Barut', 'Denpasar', '2010-09-13', 1, 9, 1),
(382, 'Putu Octa Danadyaksa', 'Denpasar', '2008-09-10', 1, 10, 1),
(383, 'I Wayan Gilang Angga Permana', 'Denpasr', '2009-04-28', 1, 10, 1),
(384, 'I Gede Danendra Suryanatha', 'Denpasar', '2008-09-24', 1, 10, 1),
(385, 'I Komang Adidharma Putra', 'Denpasar', '2009-06-17', 1, 10, 1),
(386, 'I Gede Ananda Abdi Dhamma', 'Denpasar', '2009-06-26', 1, 10, 1),
(387, 'I Gede Indra Saptadi', 'Denpasar', '2009-01-06', 1, 10, 1),
(388, 'Ni Kadek Sanisa Putri', 'Denpasar', '2009-11-04', 2, 11, 1),
(389, 'Ida Bagus Wedha Wikantara', 'Denpasar', '2008-09-29', 1, 11, 1),
(390, 'I Wayan Agus Gria Yudiantara', 'Denpasar', '2008-09-30', 1, 11, 1),
(391, 'I Putu Arya Dana', 'Karangasem', '2009-03-29', 1, 11, 1),
(392, 'Putu Adi Indra Laksamana', 'Denpasar', '2009-07-18', 1, 11, 1),
(393, 'I Made Erwin Wijaya', 'Denpasar', '2008-09-08', 1, 12, 1),
(394, 'Aptaghani Janu Prasetiyo', 'Denpasar', '2009-01-19', 1, 12, 1),
(395, 'Desak Putu Raka Sandhi Yunika', 'Singaraja', '2007-01-09', 2, 12, 1),
(396, 'Dewa Made Rai Subala', 'Singaraja', '2010-01-19', 1, 12, 1),
(397, 'Kevin Febrian Aryo Putra', 'Banyuwangi', '2009-12-02', 1, 12, 1),
(398, 'Gede Raindra Nitimantra Kusuma', 'Denpasar', '2008-08-09', 1, 12, 1),
(399, 'I Kadek Bagus Anggara Putra', 'Denpasar', '2010-04-20', 1, 12, 1),
(400, 'I Kadek Demung Kusuma Yasa', 'Denpasar', '2009-02-23', 1, 12, 1),
(401, 'I Komang Yudi Antara', 'Denpasar', '2008-11-20', 1, 12, 1),
(402, 'I Gede Sandi Arya Pramana', 'Denpasar', '2010-04-01', 1, 12, 1),
(403, 'Putu Krisna Nugraha', 'Denpasar', '2009-10-13', 1, 13, 1),
(404, 'I Gede Pande Satya Dharma', 'Denpasar', '2009-11-16', 1, 13, 1),
(405, 'Putu Joe Friendly Suyasa', 'Denpasar', '2009-04-07', 1, 13, 1),
(406, 'Juan Alan Pramudita', 'Denpasar', '2010-01-22', 1, 13, 1),
(407, 'Mahisa Dimas Rahandika', 'Denpasar', '2011-02-06', 1, 13, 1),
(408, 'Ida Bagus Putu Surya Astawa', 'Singaraja', '2009-09-12', 1, 13, 1),
(409, 'I Gusti Bagus Romy Narayana', 'Denpasar', '2010-03-06', 1, 13, 1),
(410, 'Jeriko Pratama Leoanak', 'Denpasar', '2010-08-31', 1, 14, 1),
(411, 'Rio Firmansyah', 'Jatim', '2008-04-28', 1, 14, 1),
(412, 'Daviano Ezekiel Sango', 'Palu', '2010-05-09', 1, 14, 1),
(413, 'Nava Nataneila Sango', 'Palu', '2008-10-13', 2, 14, 1),
(414, 'Ni Putu Yuina Renata', 'Denpasar', '2011-04-28', 2, 14, 1),
(415, 'Kadek Evo Adnyana', 'Singaraja', '2010-10-01', 1, 15, 1),
(416, 'Putu Eva Puspita', 'Singaraja', '2006-12-24', 2, 15, 1),
(417, 'Gede Mahathma Kenzie Saputra', 'Negara', '2010-06-06', 1, 15, 1),
(418, 'I Putu Gentha Mahoghana', 'Seririt', '2010-09-18', 1, 15, 1),
(419, 'I Bagus Reegie Maha Uthamayana', 'Denpasar', '2011-12-01', 1, 15, 1),
(420, 'Rafael Alvinatha Prasetyo', 'Denpasar', '2011-03-16', 1, 15, 1),
(421, 'Fahrizal Rozak', 'Karangasem', '2010-09-25', 1, 16, 1),
(422, 'Novita Dwi Sugiyarto', 'Banyuwangi', '2008-11-11', 2, 16, 1),
(423, 'I Komang Wahyu Trisnadinata', 'Singaraja', '2009-06-06', 1, 16, 1),
(424, 'I Wayan Krisnantara Prasaja', 'Denpasar', '2011-03-26', 1, 16, 1),
(425, 'Trista Indah Wijaya', 'Tabanan', '2008-11-08', 2, 8, 1),
(426, 'Ni Komang Dina Kartini', 'Denpasar', '2005-04-21', 2, 8, 1),
(427, 'I Gusti Ngurah Arya Maha Putra', 'Denpasar', '2005-04-25', 1, 8, 1),
(428, 'I Kadek Dwi Radha Saputra', 'Karangasem', '2008-04-25', 1, 3, 1),
(429, 'I Putu Puja Aditya Setiawan', 'Kalabahi', '2002-11-24', 1, 3, 1),
(430, 'I Putu Maharjaya Tirta', 'Jakarta', '2004-06-25', 1, 3, 1),
(431, 'Kadek Dhiyamdha Arthana', 'Denpasar', '2003-03-06', 1, 3, 1),
(432, 'Krishna Bayu Wicaksana', 'Denpasar', '2006-08-08', 1, 3, 1),
(433, 'Ni Putu Cinta Belvina Anindita', 'Denpasar', '2011-12-06', 2, 3, 1),
(434, 'Ni Kadek Dwi Maharani', 'Singaraja', '2006-02-09', 2, 3, 1),
(435, 'I Gusti Ayu Made Karina Ganitri Dewi', 'Jakarta', '2007-07-07', 2, 5, 1),
(436, 'Ratu January Marrang', 'Denpasar', '2007-01-14', 2, 5, 1),
(437, 'Kadek Shasya Dhrtikeshvari', 'Denpasar', '2006-11-16', 2, 5, 1),
(438, 'Putu Oktarina Manik Agung', 'Denpasar', '2006-10-24', 2, 6, 1),
(439, 'Dewa Gede Surya Kencana', 'Gianyar', '2007-12-30', 1, 11, 1),
(440, 'Made Budiartawan', 'Denpasar', '2007-08-07', 1, 12, 1),
(441, 'Made Budiarta', 'Denpasar', '2007-08-07', 1, 12, 1),
(442, 'Ni Komang Shila Tri Ardani', 'Denpasar', '2009-04-14', 2, 15, 1),
(443, 'Nurul Laily Azizah', 'Denpasar', '2007-08-17', 2, 16, 1);

-- --------------------------------------------------------

--
-- Struktur dari tabel `config`
--

CREATE TABLE `config` (
  `id_config` int(11) NOT NULL,
  `nama_config` varchar(200) NOT NULL,
  `config_value` text NOT NULL
) ENGINE=InnoDB DEFAULT CHARSET=utf8mb4;

--
-- Dumping data untuk tabel `config`
--

INSERT INTO `config` (`id_config`, `nama_config`, `config_value`) VALUES
(1, 'brand', 'SIKARAT'),
(2, 'main_header', 'Sistem Pengelolaan Data Karateka'),
(3, 'main_footer', 'SIKARAT'),
(4, 'version', '1.07.20');

-- --------------------------------------------------------

--
-- Struktur dari tabel `dojo`
--

CREATE TABLE `dojo` (
  `id_dojo` int(11) NOT NULL,
  `nama_dojo` text NOT NULL
) ENGINE=InnoDB DEFAULT CHARSET=latin1;

--
-- Dumping data untuk tabel `dojo`
--

INSERT INTO `dojo` (`id_dojo`, `nama_dojo`) VALUES
(1, 'SD Saraswati 4'),
(2, 'Kenyeri'),
(3, 'DCA'),
(4, 'Nirbana'),
(5, 'Pasopati'),
(6, 'Buana Indah'),
(7, 'GSD'),
(8, 'BC Pemedilan'),
(9, 'SD 4 Peguyangan'),
(10, 'SD 4 Tonja'),
(11, 'SD 5 Tonja'),
(12, 'SD 19 Pemecutan'),
(13, 'SD 26 Pemecutan'),
(14, 'SDK Harapan'),
(15, 'SD 22 Dauh Puri'),
(16, 'SD 1 Ubung'),
(17, 'Permata Bumi'),
(18, 'Santo Yoseph'),
(20, 'Batur Selatan'),
(21, 'BBS Reborn'),
(22, 'Br Biaung'),
(23, 'SD 18 Dangri');

-- --------------------------------------------------------

--
-- Struktur dari tabel `karateka`
--

CREATE TABLE `karateka` (
  `id_karateka` int(11) NOT NULL,
  `biodata` int(11) NOT NULL,
  `sabuk` int(11) NOT NULL,
  `tgl_ujian` date DEFAULT NULL,
  `no_ijasah` text DEFAULT NULL,
  `tgl_ijasah` date DEFAULT NULL,
  `nilai_rata` decimal(11,2) DEFAULT NULL,
  `is_active` int(11) NOT NULL
) ENGINE=InnoDB DEFAULT CHARSET=latin1;

--
-- Dumping data untuk tabel `karateka`
--

INSERT INTO `karateka` (`id_karateka`, `biodata`, `sabuk`, `tgl_ujian`, `no_ijasah`, `tgl_ijasah`, `nilai_rata`, `is_active`) VALUES
(1, 1, 2, '2018-10-06', '042/P.PROV-KKI/II/2019', '2019-02-28', '65.70', 0),
(2, 1, 3, NULL, '', NULL, '0.00', 1),
(3, 2, 2, '2018-10-06', '043/P.PROV-KKI/II/2019', '2019-02-28', '65.70', 0),
(4, 2, 3, NULL, NULL, NULL, '0.00', 1),
(5, 3, 2, '2018-10-06', '044/P.PROV-KKI/II/2019', '2019-02-28', '65.00', 0),
(6, 3, 3, NULL, NULL, NULL, '0.00', 1),
(7, 4, 2, '2018-10-06', '045/P.PROV-KKI/II/2019', '2019-02-28', '65.70', 0),
(8, 4, 3, NULL, NULL, NULL, '0.00', 1),
(9, 5, 2, '2018-10-06', '046/P.PROV-KKI/II/2019', '2019-02-28', '65.00', 0),
(10, 5, 3, NULL, NULL, NULL, '0.00', 1),
(11, 6, 2, '2018-10-06', '047/P.PROV-KKI/II/2019', '2019-02-28', '65.00', 0),
(12, 6, 3, NULL, NULL, NULL, '0.00', 1),
(13, 7, 2, '2018-10-06', '048/P.PROV-KKI/II/2019', '2019-02-28', '65.00', 0),
(14, 7, 3, NULL, '', NULL, '0.00', 1),
(15, 8, 2, '2018-10-06', '049/P.PROV-KKI/II/2019', '2019-02-28', '66.40', 0),
(16, 8, 3, NULL, '', NULL, '0.00', 1),
(17, 17, 2, '2018-10-06', '058/P.PROV-KKI/II/2019', '2019-02-28', '65.00', 0),
(18, 17, 3, NULL, '', NULL, '0.00', 1),
(19, 18, 2, '2018-10-06', '059/P.PROV-KKI/II/2019', '2019-02-28', '65.00', 0),
(20, 18, 3, NULL, '', NULL, '0.00', 1),
(21, 19, 2, '2018-10-06', '060/P.PROV-KKI/II/2019', '2019-02-28', '65.00', 0),
(22, 19, 3, NULL, '', NULL, '0.00', 1),
(23, 20, 2, '2018-10-06', '061/P.PROV-KKI/II/2019', '2019-02-28', '64.30', 0),
(24, 20, 3, NULL, '', NULL, '0.00', 1),
(25, 21, 2, '2018-10-06', '062/P.PROV-KKI/II/2019', '2019-02-28', '65.00', 0),
(26, 21, 3, NULL, '', NULL, '0.00', 1),
(27, 22, 2, '2018-10-06', '063/P.PROV-KKI/II/2019', '2019-02-28', '65.00', 0),
(28, 22, 3, NULL, '', NULL, '0.00', 1),
(29, 23, 2, '2018-10-06', '064/P.PROV-KKI/II/2019', '2019-02-28', '66.40', 0),
(30, 23, 3, NULL, '', NULL, '0.00', 1),
(31, 24, 2, '2018-10-06', '065/P.PROV-KKI/II/2019', '2019-02-28', '64.30', 0),
(32, 24, 3, NULL, '', NULL, '0.00', 1),
(33, 25, 2, '2018-10-06', '066/P.PROV-KKI/II/2019', '2019-02-28', '64.30', 0),
(34, 25, 3, NULL, '', NULL, '0.00', 1),
(35, 26, 2, '2018-10-06', '067/P.PROV-KKI/II/2019', '2019-02-28', '65.00', 0),
(36, 26, 3, NULL, '', NULL, '0.00', 1),
(37, 27, 2, '2018-12-13', '068/P.PROV-KKI/II/2019', '2019-02-28', '65.00', 0),
(38, 27, 3, NULL, '', NULL, '0.00', 1),
(39, 28, 2, '2018-12-13', '069/P.PROV-KKI/II/2019', '2019-02-28', '65.00', 0),
(40, 28, 3, NULL, '', NULL, '0.00', 1),
(41, 29, 2, '2018-12-13', '070/P.PROV-KKI/II/2019', '2019-02-28', '65.00', 0),
(42, 29, 3, NULL, '', NULL, '0.00', 1),
(43, 30, 2, '2018-12-13', '071/P.PROV-KKI/II/2019', '2019-02-28', '65.00', 0),
(44, 30, 3, NULL, '', NULL, '0.00', 1),
(45, 31, 2, '2018-12-13', '072/P.PROV-KKI/II/2019', '2019-02-28', '65.00', 0),
(46, 31, 3, NULL, '', NULL, '0.00', 1),
(47, 32, 2, '2018-12-13', '073/P.PROV-KKI/II/2019', '2019-02-28', '65.00', 0),
(48, 32, 3, NULL, '', NULL, '0.00', 1),
(49, 33, 2, '2018-12-13', '074/P.PROV-KKI/II/2019', '2019-02-28', '65.70', 0),
(50, 33, 3, NULL, '', NULL, '0.00', 1),
(51, 34, 2, '2018-12-13', '075/P.PROV-KKI/II/2019', '2019-02-28', '67.10', 0),
(52, 34, 3, NULL, '', NULL, '0.00', 1),
(53, 35, 2, '2019-01-27', '088/P.PROV-KKI/III/2019', '2019-03-30', '70.80', 0),
(54, 35, 3, NULL, '', NULL, '0.00', 1),
(55, 36, 2, '2019-01-27', '089/P.PROV-KKI/III/2019', '2019-03-30', '70.00', 0),
(56, 36, 3, NULL, '', NULL, '0.00', 1),
(57, 37, 2, '2019-01-27', '090/P.PROV-KKI/III/2019', '2019-03-30', '70.80', 0),
(58, 37, 3, NULL, '', NULL, '0.00', 1),
(59, 38, 2, '2019-01-27', '091/P.PROV-KKI/III/2019', '2019-03-30', '66.70', 0),
(60, 38, 3, NULL, '', NULL, '0.00', 1),
(61, 39, 2, '2019-01-27', '092/P.PROV-KKI/III/2019', '2019-03-30', '69.20', 0),
(62, 39, 3, NULL, '', NULL, '0.00', 1),
(63, 40, 2, '2019-01-27', '093/P.PROV-KKI/III/2019', '2019-03-30', '70.00', 0),
(64, 40, 3, NULL, '', NULL, '0.00', 1),
(65, 41, 2, '2019-01-27', '094/P.PROV-KKI/III/2019', '2019-03-30', '70.00', 0),
(66, 41, 3, NULL, '', NULL, '0.00', 1),
(67, 42, 2, '2019-01-27', '095/P.PROV-KKI/III/2019', '2019-03-30', '66.70', 0),
(68, 42, 3, NULL, '', NULL, '0.00', 1),
(69, 43, 2, '2019-01-27', '096/P.PROV-KKI/III/2019', '2019-03-30', '70.00', 0),
(70, 43, 3, NULL, '', NULL, '0.00', 1),
(71, 44, 2, '2019-01-27', '097/P.PROV-KKI/III/2019', '2019-03-30', '68.30', 0),
(72, 44, 3, NULL, '', NULL, '0.00', 1),
(73, 45, 2, '2019-01-27', '098/P.PROV-KKI/III/2019', '2019-03-30', '68.30', 0),
(74, 45, 3, NULL, '', NULL, '0.00', 1),
(75, 46, 2, '2019-01-27', '099/P.PROV-KKI/III/2019', '2019-03-30', '66.70', 0),
(76, 46, 3, NULL, '', NULL, '0.00', 1),
(77, 47, 2, '2019-01-27', '100/P.PROV-KKI/III/2019', '2019-03-30', '66.70', 0),
(78, 47, 3, NULL, '', NULL, '0.00', 1),
(79, 48, 2, '2019-01-27', '101/P.PROV-KKI/III/2019', '2019-03-30', '66.70', 0),
(80, 48, 3, NULL, '', NULL, '0.00', 1),
(81, 49, 2, '2019-01-27', '102/P.PROV-KKI/III/2019', '2019-03-30', '67.50', 0),
(82, 49, 3, NULL, '', NULL, '0.00', 1),
(83, 50, 2, '2019-01-27', '103/P.PROV-KKI/III/2019', '2019-03-30', '66.70', 0),
(84, 50, 3, NULL, '', NULL, '0.00', 1),
(85, 51, 2, '2019-01-27', '104/P.PROV-KKI/III/2019', '2019-03-30', '68.30', 0),
(86, 51, 3, NULL, '', NULL, '0.00', 1),
(87, 52, 2, '2019-01-27', '105/P.PROV-KKI/III/2019', '2019-03-30', '65.00', 0),
(88, 52, 3, NULL, '', NULL, '0.00', 1),
(89, 53, 2, '2019-01-27', '106/P.PROV-KKI/III/2019', '2019-03-30', '65.00', 0),
(90, 53, 3, NULL, '', NULL, '0.00', 1),
(91, 54, 2, '2019-01-27', '107/P.PROV-KKI/III/2019', '2019-03-30', '64.20', 0),
(92, 54, 3, NULL, '', NULL, '0.00', 1),
(93, 55, 2, '2019-01-27', '108/P.PROV-KKI/III/2019', '2019-03-30', '66.70', 0),
(94, 55, 3, NULL, '', NULL, '0.00', 1),
(95, 56, 2, '2019-01-27', '109/P.PROV-KKI/III/2019', '2019-03-30', '65.00', 0),
(96, 56, 3, NULL, '', NULL, '0.00', 1),
(97, 57, 2, '2019-01-27', '110/P.PROV-KKI/III/2019', '2019-03-30', '65.80', 0),
(98, 57, 3, NULL, '', NULL, '0.00', 1),
(99, 58, 2, '2019-01-27', '111/P.PROV-KKI/III/2019', '2019-03-30', '65.00', 0),
(100, 58, 3, NULL, '', NULL, '0.00', 1),
(101, 59, 2, '2019-01-27', '112/P.PROV-KKI/III/2019', '2019-03-30', '64.20', 0),
(102, 59, 3, NULL, '', NULL, '0.00', 1),
(103, 60, 2, '2019-01-27', '113/P.PROV-KKI/III/2019', '2019-03-30', '66.70', 0),
(104, 60, 3, NULL, '', NULL, '0.00', 1),
(105, 61, 2, '2019-01-27', '114/P.PROV-KKI/III/2019', '2019-03-30', '65.00', 0),
(106, 61, 3, NULL, '', NULL, '0.00', 1),
(107, 62, 2, '2019-01-27', '115/P.PROV-KKI/III/2019', '2019-03-30', '65.00', 0),
(108, 62, 3, NULL, '', NULL, '0.00', 1),
(109, 63, 2, '2019-01-27', '116/P.PROV-KKI/III/2019', '2019-03-30', '67.50', 0),
(110, 63, 3, NULL, '', NULL, '0.00', 1),
(111, 64, 2, '2019-01-27', '117/P.PROV-KKI/III/2019', '2019-03-30', '66.70', 0),
(112, 64, 3, NULL, '', NULL, '0.00', 1),
(113, 65, 2, '2019-01-27', '118/P.PROV-KKI/III/2019', '2019-03-30', '65.00', 0),
(114, 65, 3, NULL, '', NULL, '0.00', 1),
(115, 66, 2, '2019-01-27', '119/P.PROV-KKI/III/2019', '2019-03-30', '65.80', 0),
(116, 66, 3, NULL, '', NULL, '0.00', 1),
(117, 67, 2, '2019-01-27', '120/P.PROV-KKI/III/2019', '2019-03-30', '66.70', 0),
(118, 67, 3, NULL, '', NULL, '0.00', 1),
(119, 68, 2, '2019-01-27', '121/P.PROV-KKI/III/2019', '2019-03-30', '64.20', 0),
(120, 68, 3, NULL, '', NULL, '0.00', 1),
(121, 69, 2, '2019-01-27', '122/P.PROV-KKI/III/2019', '2019-03-30', '65.00', 0),
(122, 69, 3, NULL, '', NULL, '0.00', 1),
(123, 70, 2, '2019-01-27', '123/P.PROV-KKI/III/2019', '2019-03-30', '65.00', 0),
(124, 70, 3, NULL, '', NULL, '0.00', 1),
(125, 71, 2, '2019-01-27', '124/P.PROV-KKI/III/2019', '2019-03-30', '66.70', 0),
(126, 71, 3, NULL, '', NULL, '0.00', 1),
(127, 72, 2, '2019-01-27', '125/P.PROV-KKI/III/2019', '2019-03-30', '65.80', 0),
(128, 72, 3, NULL, '', NULL, '0.00', 1),
(129, 73, 2, '2019-01-27', '126/P.PROV-KKI/III/2019', '2019-03-30', '67.50', 0),
(130, 73, 3, NULL, '', NULL, '0.00', 1),
(131, 74, 2, '2019-01-27', '127/P.PROV-KKI/III/2019', '2019-03-30', '67.50', 0),
(132, 74, 3, NULL, '', NULL, '0.00', 1),
(133, 75, 2, '2019-01-27', '128/P.PROV-KKI/III/2019', '2019-03-30', '65.80', 0),
(134, 75, 3, NULL, '', NULL, '0.00', 1),
(135, 76, 2, '2019-01-27', '129/P.PROV-KKI/III/2019', '2019-03-30', '65.80', 0),
(136, 76, 3, NULL, '', NULL, '0.00', 1),
(137, 77, 2, '2019-01-27', '130/P.PROV-KKI/III/2019', '2019-03-30', '65.80', 0),
(138, 77, 3, NULL, '', NULL, '0.00', 1),
(139, 78, 2, '2019-01-27', '131/P.PROV-KKI/III/2019', '2019-03-30', '66.70', 0),
(140, 78, 3, NULL, '', NULL, '0.00', 1),
(141, 79, 2, '2019-01-27', '132/P.PROV-KKI/III/2019', '2019-03-30', '66.70', 0),
(142, 79, 3, NULL, '', NULL, '0.00', 1),
(143, 80, 2, '2019-01-27', '133/P.PROV-KKI/III/2019', '2019-03-30', '66.70', 0),
(144, 80, 3, NULL, '', NULL, '0.00', 1),
(145, 81, 2, '2019-01-27', '134/P.PROV-KKI/III/2019', '2019-03-30', '66.70', 0),
(146, 81, 3, NULL, '', NULL, '0.00', 1),
(147, 82, 2, '2019-01-27', '135/P.PROV-KKI/III/2019', '2019-03-30', '66.70', 0),
(148, 82, 3, NULL, '', NULL, '0.00', 1),
(149, 83, 2, '2019-01-27', '136/P.PROV-KKI/III/2019', '2019-03-30', '65.00', 0),
(150, 83, 3, NULL, '', NULL, '0.00', 1),
(151, 84, 2, '2019-01-27', '140/P.PROV-KKI/III/2019', '2019-03-30', '67.50', 0),
(152, 84, 3, NULL, '', NULL, '0.00', 1),
(153, 85, 2, '2019-01-27', '141/P.PROV-KKI/III/2019', '2019-03-30', '66.70', 0),
(154, 85, 3, NULL, '', NULL, '0.00', 1),
(155, 86, 2, '2019-01-27', '142/P.PROV-KKI/III/2019', '2019-03-30', '65.60', 0),
(156, 86, 3, NULL, '', NULL, '0.00', 1),
(157, 87, 2, '2019-01-27', '140/P.PROV-KKI/III/2019', '2019-03-30', '65.80', 0),
(158, 87, 3, NULL, '', NULL, '0.00', 1),
(159, 88, 2, '2019-01-27', '141/P.PROV-KKI/III/2019', '2019-03-30', '68.30', 0),
(160, 88, 3, NULL, '', NULL, '0.00', 1),
(161, 89, 2, '2019-01-27', '142/P.PROV-KKI/III/2019', '2019-03-30', '68.30', 0),
(162, 89, 3, NULL, '', NULL, '0.00', 1),
(163, 90, 2, '2019-01-27', '143/P.PROV-KKI/III/2019', '2019-03-30', '66.80', 0),
(164, 90, 3, NULL, '', NULL, '0.00', 1),
(165, 91, 2, '2019-01-27', '144/P.PROV-KKI/III/2019', '2019-03-30', '65.80', 0),
(166, 91, 3, NULL, '', NULL, '0.00', 1),
(167, 92, 2, '2019-01-27', '145/P.PROV-KKI/III/2019', '2019-03-30', '66.70', 0),
(168, 92, 3, NULL, '', NULL, '0.00', 1),
(169, 93, 2, '2019-01-27', '146/P.PROV-KKI/III/2019', '2019-03-30', '67.50', 0),
(170, 93, 3, NULL, '', NULL, '0.00', 1),
(171, 94, 2, '2019-01-27', '147/P.PROV-KKI/III/2019', '2019-03-30', '67.50', 0),
(172, 94, 3, NULL, '', NULL, '0.00', 1),
(173, 95, 2, '2019-03-16', '241/P.PROV-KKI/III/2019', '2019-03-30', '66.70', 0),
(174, 95, 3, NULL, '', NULL, '0.00', 1),
(175, 96, 2, '2019-03-16', '242/P.PROV-KKI/III/2019', '2019-03-30', '66.70', 0),
(176, 96, 3, NULL, '', NULL, '0.00', 1),
(177, 97, 2, '2019-03-16', '243/P.PROV-KKI/III/2019', '2019-03-30', '66.70', 0),
(178, 97, 3, NULL, '', NULL, '0.00', 1),
(179, 98, 2, '2019-03-16', '244/P.PROV-KKI/III/2019', '2019-03-30', '66.70', 0),
(180, 98, 3, NULL, '', NULL, '0.00', 1),
(181, 99, 2, '2019-03-16', '245/P.PROV-KKI/III/2019', '2019-03-30', '66.70', 0),
(182, 99, 3, NULL, '', NULL, '0.00', 1),
(183, 100, 2, '2018-11-25', '312/P.PROV-KKI/IV/2019', '2019-04-30', '64.30', 0),
(184, 100, 3, NULL, '', NULL, '0.00', 1),
(185, 101, 2, '2018-11-25', '313/P.PROV-KKI/IV/2019', '2019-04-30', '64.30', 0),
(186, 101, 3, NULL, '', NULL, '0.00', 1),
(187, 102, 2, '2018-11-25', '314/P.PROV-KKI/IV/2019', '2019-04-30', '64.30', 0),
(188, 102, 3, NULL, '', NULL, '0.00', 1),
(189, 103, 2, '2018-11-25', '315/P.PROV-KKI/IV/2019', '2019-04-30', '64.30', 0),
(190, 103, 3, NULL, '', NULL, '0.00', 1),
(191, 104, 2, '2018-11-25', '316/P.PROV-KKI/IV/2019', '2019-04-30', '64.30', 0),
(192, 104, 3, NULL, '', NULL, '0.00', 1),
(193, 105, 2, '2018-12-02', '329/P.PROV-KKI/IV/2019', '2019-04-30', '64.30', 0),
(194, 105, 3, NULL, '', NULL, '0.00', 1),
(195, 106, 2, '2018-12-02', '330/P.PROV-KKI/IV/2019', '2019-04-30', '64.30', 0),
(196, 106, 3, NULL, '', NULL, '0.00', 1),
(197, 107, 2, '2018-12-02', '331/P.PROV-KKI/IV/2019', '2019-04-30', '64.30', 0),
(198, 107, 3, NULL, '', NULL, '0.00', 1),
(199, 108, 2, '2018-12-02', '332/P.PROV-KKI/IV/2019', '2019-04-30', '64.30', 0),
(200, 108, 3, NULL, '', NULL, '0.00', 1),
(201, 109, 2, '2018-12-02', '333/P.PROV-KKI/IV/2019', '2019-04-30', '64.30', 0),
(202, 109, 3, NULL, '', NULL, '0.00', 1),
(203, 110, 2, '2018-12-02', '334/P.PROV-KKI/IV/2019', '2019-04-30', '64.30', 0),
(204, 110, 3, NULL, '', NULL, '0.00', 1),
(205, 111, 2, '2018-12-02', '335/P.PROV-KKI/IV/2019', '2019-04-30', '64.30', 0),
(206, 111, 3, NULL, '', NULL, '0.00', 1),
(207, 112, 2, '2018-12-02', '336/P.PROV-KKI/IV/2019', '2019-04-30', '64.30', 0),
(208, 112, 3, NULL, '', NULL, '0.00', 1),
(209, 113, 2, '2018-12-02', '337/P.PROV-KKI/IV/2019', '2019-04-30', '64.30', 0),
(210, 113, 3, NULL, '', NULL, '0.00', 1),
(211, 114, 2, '2018-12-02', '338/P.PROV-KKI/IV/2019', '2019-04-30', '64.30', 0),
(212, 114, 3, NULL, '', NULL, '0.00', 1),
(213, 115, 2, '2018-12-02', '339/P.PROV-KKI/IV/2019', '2019-04-30', '64.30', 0),
(214, 115, 3, NULL, '', NULL, '0.00', 1),
(215, 116, 2, '2018-12-02', '340/P.PROV-KKI/IV/2019', '2019-04-30', '64.30', 0),
(216, 116, 3, NULL, '', NULL, '0.00', 1),
(217, 117, 2, '2018-12-02', '341/P.PROV-KKI/IV/2019', '2019-04-30', '64.30', 0),
(218, 117, 3, NULL, '', NULL, '0.00', 1),
(219, 118, 2, '2018-12-02', '342/P.PROV-KKI/IV/2019', '2019-04-30', '64.30', 0),
(220, 118, 3, NULL, '', NULL, '0.00', 1),
(221, 119, 2, '2018-12-02', '343/P.PROV-KKI/IV/2019', '2019-04-30', '64.30', 0),
(222, 119, 3, NULL, '', NULL, '0.00', 1),
(223, 120, 2, '2018-12-02', '344/P.PROV-KKI/IV/2019', '2019-04-30', '64.30', 0),
(224, 120, 3, NULL, '', NULL, '0.00', 1),
(225, 121, 2, '2018-12-02', '345/P.PROV-KKI/IV/2019', '2019-04-30', '64.30', 0),
(226, 121, 3, NULL, '', NULL, '0.00', 1),
(227, 122, 2, '2018-12-02', '346/P.PROV-KKI/IV/2019', '2019-04-30', '64.30', 0),
(228, 122, 3, NULL, '', NULL, '0.00', 1),
(229, 123, 2, '2018-12-02', '347/P.PROV-KKI/IV/2019', '2019-04-30', '64.30', 0),
(230, 123, 3, NULL, '', NULL, '0.00', 1),
(231, 124, 2, '2018-12-02', '348/P.PROV-KKI/IV/2019', '2019-04-30', '64.30', 0),
(232, 124, 3, NULL, '', NULL, '0.00', 1),
(233, 125, 2, '2018-12-02', '349/P.PROV-KKI/IV/2019', '2019-04-30', '64.30', 0),
(234, 125, 3, NULL, '', NULL, '0.00', 1),
(235, 126, 2, '2018-12-02', '350/P.PROV-KKI/IV/2019', '2019-04-30', '64.30', 0),
(236, 126, 3, NULL, '', NULL, '0.00', 1),
(237, 127, 2, '2018-12-02', '351/P.PROV-KKI/IV/2019', '2019-04-30', '64.30', 0),
(238, 127, 3, NULL, '', NULL, '0.00', 1),
(239, 128, 2, '2018-12-02', '352/P.PROV-KKI/IV/2019', '2019-04-30', '64.30', 0),
(240, 128, 3, NULL, '', NULL, '0.00', 1),
(241, 129, 2, '2018-12-09', '360/P.PROV-KKI/IV/2019', '2019-04-30', '64.30', 0),
(242, 129, 3, NULL, '', NULL, '0.00', 1),
(243, 130, 2, '2018-12-09', '361/P.PROV-KKI/IV/2019', '2019-04-30', '64.30', 0),
(244, 130, 3, NULL, '', NULL, '0.00', 1),
(245, 131, 2, '2018-12-09', '362/P.PROV-KKI/IV/2019', '2019-04-30', '64.30', 0),
(246, 131, 3, NULL, '', NULL, '0.00', 1),
(247, 132, 2, '2018-12-09', '363/P.PROV-KKI/IV/2019', '2019-04-30', '64.30', 0),
(248, 132, 3, NULL, '', NULL, '0.00', 1),
(249, 133, 2, '2018-12-09', '364/P.PROV-KKI/IV/2019', '2019-04-30', '64.30', 0),
(250, 133, 3, NULL, '', NULL, '0.00', 1),
(251, 134, 2, '2018-12-09', '365/P.PROV-KKI/IV/2019', '2019-04-30', '64.30', 0),
(252, 134, 3, NULL, '', NULL, '0.00', 1),
(253, 135, 2, '2018-12-09', '366/P.PROV-KKI/IV/2019', '2019-04-30', '64.30', 0),
(254, 135, 3, NULL, '', NULL, '0.00', 1),
(255, 136, 2, '2018-12-09', '367/P.PROV-KKI/IV/2019', '2019-04-30', '64.30', 0),
(256, 136, 3, NULL, '', NULL, '0.00', 1),
(257, 137, 2, '2018-12-09', '368/P.PROV-KKI/IV/2019', '2019-04-30', '64.30', 0),
(258, 137, 3, NULL, '', NULL, '0.00', 1),
(259, 138, 2, '2018-12-09', '369/P.PROV-KKI/IV/2019', '2019-04-30', '64.30', 0),
(260, 138, 3, NULL, '', NULL, '0.00', 1),
(261, 139, 2, '2018-12-09', '370/P.PROV-KKI/IV/2019', '2019-04-30', '64.30', 0),
(262, 139, 3, NULL, '', NULL, '0.00', 1),
(263, 140, 2, '2018-12-09', '371/P.PROV-KKI/IV/2019', '2019-04-30', '64.30', 0),
(264, 140, 3, NULL, '', NULL, '0.00', 1),
(265, 141, 2, '2018-12-09', '372/P.PROV-KKI/IV/2019', '2019-04-30', '64.30', 0),
(266, 141, 3, NULL, '', NULL, '0.00', 1),
(267, 142, 2, '2018-12-09', '373/P.PROV-KKI/IV/2019', '2019-04-30', '64.30', 0),
(268, 142, 3, NULL, '', NULL, '0.00', 1),
(269, 143, 2, '2018-12-09', '374/P.PROV-KKI/IV/2019', '2019-04-30', '64.30', 0),
(270, 143, 3, NULL, '', NULL, '0.00', 1),
(271, 144, 2, '2018-12-09', '375/P.PROV-KKI/IV/2019', '2019-04-30', '64.30', 0),
(272, 144, 3, NULL, '', NULL, '0.00', 1),
(273, 145, 2, '2018-12-09', '376/P.PROV-KKI/IV/2019', '2019-04-30', '64.30', 0),
(274, 145, 3, NULL, '', NULL, '0.00', 1),
(275, 146, 2, '2018-12-09', '377/P.PROV-KKI/IV/2019', '2019-04-30', '64.30', 0),
(276, 146, 3, NULL, '', NULL, '0.00', 1),
(277, 147, 2, '2018-12-09', '378/P.PROV-KKI/IV/2019', '2019-04-30', '64.30', 0),
(278, 147, 3, NULL, '', NULL, '0.00', 1),
(279, 148, 2, '2018-11-18', '393/P.PROV-KKI/IV/2019', '2019-04-30', '64.30', 0),
(280, 148, 3, NULL, '', NULL, '0.00', 1),
(281, 149, 2, '2018-11-18', '394/P.PROV-KKI/IV/2019', '2019-04-30', '64.30', 0),
(282, 149, 3, NULL, '', NULL, '0.00', 1),
(283, 150, 2, '2018-11-18', '395/P.PROV-KKI/IV/2019', '2019-04-30', '64.30', 0),
(284, 150, 3, NULL, '', NULL, '0.00', 1),
(285, 151, 2, '2018-11-18', '396/P.PROV-KKI/IV/2019', '2019-04-30', '64.30', 0),
(286, 151, 3, NULL, '', NULL, '0.00', 1),
(287, 152, 2, '2018-11-18', '397/P.PROV-KKI/IV/2019', '2019-04-30', '64.30', 0),
(288, 152, 3, NULL, '', NULL, '0.00', 1),
(289, 153, 2, '2018-11-18', '398/P.PROV-KKI/IV/2019', '2019-04-30', '64.30', 0),
(290, 153, 3, NULL, '', NULL, '0.00', 1),
(291, 154, 2, '2018-11-18', '399/P.PROV-KKI/IV/2019', '2019-04-30', '64.30', 0),
(292, 154, 3, NULL, '', NULL, '0.00', 1),
(293, 155, 2, '2018-11-18', '400/P.PROV-KKI/IV/2019', '2019-04-30', '64.30', 0),
(294, 155, 3, NULL, '', NULL, '0.00', 1),
(295, 156, 2, '2018-11-18', '401/P.PROV-KKI/IV/2019', '2019-04-30', '64.30', 0),
(296, 156, 3, NULL, '', NULL, '0.00', 1),
(297, 157, 2, '2018-11-18', '402/P.PROV-KKI/IV/2019', '2019-04-30', '64.30', 0),
(298, 157, 3, NULL, '', NULL, '0.00', 1),
(299, 158, 2, '2018-11-18', '403/P.PROV-KKI/IV/2019', '2019-04-30', '64.30', 0),
(300, 159, 3, NULL, '', NULL, '0.00', 1),
(301, 159, 2, '2018-11-18', '404/P.PROV-KKI/IV/2019', '2019-04-30', '64.30', 0),
(302, 159, 3, NULL, '', NULL, '0.00', 1),
(303, 160, 2, '2018-11-18', '405/P.PROV-KKI/IV/2019', '2019-04-30', '64.30', 0),
(304, 160, 3, NULL, '', NULL, '0.00', 1),
(305, 161, 2, '2018-11-18', '406/P.PROV-KKI/IV/2019', '2019-04-30', '64.30', 0),
(306, 161, 3, NULL, '', NULL, '0.00', 1),
(307, 162, 2, '2018-11-18', '407/P.PROV-KKI/IV/2019', '2019-04-30', '64.30', 0),
(308, 162, 3, NULL, '', NULL, '0.00', 1),
(309, 163, 2, '2018-11-18', '408/P.PROV-KKI/IV/2019', '2019-04-30', '64.30', 0),
(310, 163, 3, NULL, '', NULL, '0.00', 1),
(311, 164, 2, '2018-11-18', '409/P.PROV-KKI/IV/2019', '2019-04-30', '64.30', 0),
(312, 164, 3, NULL, '', NULL, '0.00', 1),
(313, 165, 2, '2018-11-18', '410/P.PROV-KKI/IV/2019', '2019-04-30', '64.30', 0),
(314, 165, 3, NULL, '', NULL, '0.00', 1),
(315, 166, 2, '2018-11-18', '411/P.PROV-KKI/IV/2019', '2019-04-30', '64.30', 0),
(316, 166, 3, NULL, '', NULL, '0.00', 1),
(317, 167, 2, '2018-11-18', '412/P.PROV-KKI/IV/2019', '2019-04-30', '64.30', 0),
(318, 167, 3, NULL, '', NULL, '0.00', 1),
(319, 168, 2, '2018-11-18', '413/P.PROV-KKI/IV/2019', '2019-04-30', '64.30', 0),
(320, 168, 3, NULL, '', NULL, '0.00', 1),
(321, 169, 2, '2018-11-18', '414/P.PROV-KKI/IV/2019', '2019-04-30', '64.30', 0),
(322, 169, 3, NULL, '', NULL, '0.00', 1),
(323, 170, 2, '2018-11-18', '415/P.PROV-KKI/IV/2019', '2019-04-30', '64.30', 0),
(324, 170, 3, NULL, '', NULL, '0.00', 1),
(325, 171, 2, '2018-11-18', '416/P.PROV-KKI/IV/2019', '2019-04-30', '64.30', 0),
(326, 171, 3, NULL, '', NULL, '0.00', 1),
(327, 172, 2, '2018-11-18', '417/P.PROV-KKI/IV/2019', '2019-04-30', '64.30', 0),
(328, 172, 3, NULL, '', NULL, '0.00', 1),
(329, 173, 2, '2018-11-18', '418/P.PROV-KKI/IV/2019', '2019-04-30', '64.30', 0),
(330, 173, 3, NULL, '', NULL, '0.00', 1),
(331, 174, 2, '2018-11-18', '419/P.PROV-KKI/IV/2019', '2019-04-30', '64.30', 0),
(332, 174, 3, NULL, '', NULL, '0.00', 1),
(333, 175, 2, '2018-11-18', '420/P.PROV-KKI/IV/2019', '2019-04-30', '64.30', 0),
(334, 175, 3, NULL, '', NULL, '0.00', 1),
(335, 176, 2, '2018-11-18', '421/P.PROV-KKI/IV/2019', '2019-04-30', '64.30', 0),
(336, 176, 3, NULL, '', NULL, '0.00', 1),
(337, 177, 2, '2018-11-18', '422/P.PROV-KKI/IV/2019', '2019-04-30', '64.30', 0),
(338, 177, 3, NULL, '', NULL, '0.00', 1),
(339, 178, 2, '2018-11-18', '423/P.PROV-KKI/IV/2019', '2019-04-30', '64.30', 0),
(340, 178, 3, NULL, '', NULL, '0.00', 1),
(341, 179, 2, '2018-11-18', '424/P.PROV-KKI/IV/2019', '2019-04-30', '64.30', 0),
(342, 179, 3, NULL, '', NULL, '0.00', 1),
(343, 180, 2, '2018-11-18', '425/P.PROV-KKI/IV/2019', '2019-04-30', '64.30', 0),
(344, 180, 3, NULL, '', NULL, '0.00', 1),
(345, 181, 2, '2018-11-18', '426/P.PROV-KKI/IV/2019', '2019-04-30', '64.30', 0),
(346, 181, 3, NULL, '', NULL, '0.00', 1),
(347, 182, 2, '2018-11-18', '427/P.PROV-KKI/IV/2019', '2019-04-30', '64.30', 0),
(348, 182, 3, NULL, '', NULL, '0.00', 1),
(349, 183, 2, '2018-11-18', '428/P.PROV-KKI/IV/2019', '2019-04-30', '64.30', 0),
(350, 183, 3, NULL, '', NULL, '0.00', 1),
(351, 184, 2, '2018-11-18', '429/P.PROV-KKI/IV/2019', '2019-04-30', '64.30', 0),
(352, 184, 3, NULL, '', NULL, '0.00', 1),
(353, 185, 2, '2018-11-18', '430/P.PROV-KKI/IV/2019', '2019-04-30', '64.30', 0),
(354, 185, 3, NULL, '', NULL, '0.00', 1),
(355, 186, 2, '2018-11-18', '431/P.PROV-KKI/IV/2019', '2019-04-30', '64.30', 0),
(356, 186, 3, NULL, '', NULL, '0.00', 1),
(357, 187, 2, '2018-11-18', '432/P.PROV-KKI/IV/2019', '2019-04-30', '64.30', 0),
(358, 187, 3, NULL, '', NULL, '0.00', 1),
(359, 188, 2, '2018-11-18', '433/P.PROV-KKI/IV/2019', '2019-04-30', '64.30', 0),
(360, 188, 3, NULL, '', NULL, '0.00', 1),
(361, 189, 2, '2018-11-18', '434/P.PROV-KKI/IV/2019', '2019-04-30', '64.30', 0),
(362, 189, 3, NULL, '', NULL, '0.00', 1),
(363, 190, 2, '2018-11-18', '435/P.PROV-KKI/IV/2019', '2019-04-30', '64.30', 0),
(364, 190, 3, NULL, '', NULL, '0.00', 1),
(365, 191, 2, '2018-11-18', '436/P.PROV-KKI/IV/2019', '2019-04-30', '64.30', 0),
(366, 191, 3, NULL, '', NULL, '0.00', 1),
(367, 192, 2, '2018-11-18', '437/P.PROV-KKI/IV/2019', '2019-04-30', '64.30', 0),
(368, 192, 3, NULL, '', NULL, '0.00', 1),
(369, 193, 2, '2018-11-18', '438/P.PROV-KKI/IV/2019', '2019-04-30', '64.30', 0),
(370, 193, 3, NULL, '', NULL, '0.00', 1),
(371, 194, 2, '2018-11-18', '439/P.PROV-KKI/IV/2019', '2019-04-30', '64.30', 0),
(372, 194, 3, NULL, '', NULL, '0.00', 1),
(373, 195, 2, '2018-11-18', '440/P.PROV-KKI/IV/2019', '2019-04-30', '64.30', 0),
(374, 195, 3, NULL, '', NULL, '0.00', 1),
(375, 196, 2, '2018-11-18', '449/P.PROV-KKI/IV/2019', '2019-04-30', '64.30', 0),
(376, 196, 3, NULL, '', NULL, '0.00', 1),
(377, 197, 2, '2018-11-18', '450/P.PROV-KKI/IV/2019', '2019-04-30', '64.30', 0),
(378, 197, 3, NULL, '', NULL, '0.00', 1),
(379, 198, 2, '2018-11-18', '451/P.PROV-KKI/IV/2019', '2019-04-30', '64.30', 0),
(380, 198, 3, NULL, '', NULL, '0.00', 1),
(381, 199, 2, '2018-11-18', '452/P.PROV-KKI/IV/2019', '2019-04-30', '64.30', 0),
(382, 199, 3, NULL, '', NULL, '0.00', 1),
(383, 200, 2, '2018-11-18', '453/P.PROV-KKI/IV/2019', '2019-04-30', '64.30', 0),
(384, 200, 3, NULL, '', NULL, '0.00', 1),
(385, 201, 2, '2018-11-18', '453/P.PROV-KKI/IV/2019', '2019-04-30', '64.30', 0),
(386, 201, 3, NULL, '', NULL, '0.00', 1),
(387, 202, 2, '2018-11-18', '455/P.PROV-KKI/IV/2019', '2019-04-30', '64.30', 0),
(388, 202, 3, NULL, '', NULL, '0.00', 1),
(389, 203, 2, '2018-11-18', '456/P.PROV-KKI/IV/2019', '2019-04-30', '64.30', 0),
(390, 203, 3, NULL, '', NULL, '0.00', 1),
(391, 204, 2, '2018-11-18', '457/P.PROV-KKI/IV/2019', '2019-04-30', '64.30', 0),
(392, 204, 3, NULL, '', NULL, '0.00', 1),
(393, 205, 2, '2018-11-18', '458/P.PROV-KKI/IV/2019', '2019-04-30', '64.30', 0),
(394, 205, 3, NULL, '', NULL, '0.00', 1),
(395, 206, 2, '2018-11-18', '459/P.PROV-KKI/IV/2019', '2019-04-30', '64.30', 0),
(396, 206, 3, NULL, '', NULL, '0.00', 1),
(397, 207, 2, '2018-11-18', '460/P.PROV-KKI/IV/2019', '2019-04-30', '64.30', 0),
(398, 207, 3, NULL, '', NULL, '0.00', 1),
(399, 208, 2, '2018-11-18', '461/P.PROV-KKI/IV/2019', '2019-04-30', '64.30', 0),
(400, 208, 3, NULL, '', NULL, '0.00', 1),
(401, 209, 2, '2018-11-18', '462/P.PROV-KKI/IV/2019', '2019-04-30', '64.30', 0),
(402, 209, 3, NULL, '', NULL, '0.00', 1),
(403, 210, 2, '2018-11-18', '463/P.PROV-KKI/IV/2019', '2019-04-30', '64.30', 0),
(404, 210, 3, NULL, '', NULL, '0.00', 1),
(405, 211, 2, '2018-11-18', '464/P.PROV-KKI/IV/2019', '2019-04-30', '64.30', 0),
(406, 211, 3, NULL, '', NULL, '0.00', 1),
(407, 212, 2, '2018-11-18', '465/P.PROV-KKI/IV/2019', '2019-04-30', '64.30', 0),
(408, 212, 3, NULL, '', NULL, '0.00', 1),
(409, 213, 2, '2018-11-18', '466/P.PROV-KKI/IV/2019', '2019-04-30', '64.30', 0),
(410, 213, 3, NULL, '', NULL, '0.00', 1),
(411, 214, 2, '2018-11-18', '467/P.PROV-KKI/IV/2019', '2019-04-30', '64.30', 0),
(412, 214, 3, NULL, '', NULL, '0.00', 1),
(413, 215, 2, '2018-11-18', '468/P.PROV-KKI/IV/2019', '2019-04-30', '64.30', 0),
(414, 215, 3, NULL, '', NULL, '0.00', 1),
(415, 216, 2, '2018-11-18', '469/P.PROV-KKI/IV/2019', '2019-04-30', '64.30', 0),
(416, 216, 3, NULL, '', NULL, '0.00', 1),
(417, 217, 2, '2018-11-18', '470/P.PROV-KKI/IV/2019', '2019-04-30', '64.30', 0),
(418, 217, 3, NULL, '', NULL, '0.00', 1),
(419, 218, 2, '2018-11-18', '471/P.PROV-KKI/IV/2019', '2019-04-30', '64.30', 0),
(420, 218, 3, NULL, '', NULL, '0.00', 1),
(421, 219, 2, '2018-11-18', '472/P.PROV-KKI/IV/2019', '2019-04-30', '64.30', 0),
(422, 219, 3, NULL, '', NULL, '0.00', 1),
(423, 220, 2, '2018-11-18', '473/P.PROV-KKI/IV/2019', '2019-04-30', '64.30', 0),
(424, 220, 3, NULL, '', NULL, '0.00', 1),
(425, 221, 2, '2018-11-18', '474/P.PROV-KKI/IV/2019', '2019-04-30', '64.30', 0),
(426, 221, 3, NULL, '', NULL, '0.00', 1),
(427, 222, 2, '2018-12-16', '481/P.PROV-KKI/IV/2019', '2019-04-30', '64.30', 0),
(428, 222, 3, NULL, '', NULL, '0.00', 1),
(429, 223, 2, '2018-12-16', '482/P.PROV-KKI/IV/2019', '2019-04-30', '64.30', 0),
(430, 223, 3, NULL, '', NULL, '0.00', 1),
(431, 224, 2, '2018-12-16', '483/P.PROV-KKI/IV/2019', '2019-04-30', '64.30', 0),
(432, 224, 3, NULL, '', NULL, '0.00', 1),
(433, 225, 2, '2018-12-16', '484/P.PROV-KKI/IV/2019', '2019-04-30', '64.30', 0),
(434, 225, 3, NULL, '', NULL, '0.00', 1),
(435, 226, 2, '2018-12-16', '485/P.PROV-KKI/IV/2019', '2019-04-30', '64.30', 0),
(436, 226, 3, NULL, '', NULL, '0.00', 1),
(437, 227, 2, '2018-12-16', '486/P.PROV-KKI/IV/2019', '2019-04-30', '64.30', 0),
(438, 227, 3, NULL, '', NULL, '0.00', 1),
(439, 228, 2, '2018-12-16', '487/P.PROV-KKI/IV/2019', '2019-04-30', '64.30', 0),
(440, 228, 3, NULL, '', NULL, '0.00', 1),
(441, 229, 2, '2018-12-16', '488/P.PROV-KKI/IV/2019', '2019-04-30', '64.30', 0),
(442, 229, 3, NULL, '', NULL, '0.00', 1),
(443, 230, 2, '2018-12-16', '489/P.PROV-KKI/IV/2019', '2019-04-30', '64.30', 0),
(444, 230, 3, NULL, '', NULL, '0.00', 1),
(445, 231, 2, '2018-12-16', '490/P.PROV-KKI/IV/2019', '2019-04-30', '64.30', 0),
(446, 231, 3, NULL, '', NULL, '0.00', 1),
(447, 232, 2, '2018-12-16', '491/P.PROV-KKI/IV/2019', '2019-04-30', '64.30', 0),
(448, 232, 3, NULL, '', NULL, '0.00', 1),
(449, 233, 2, '2018-12-16', '492/P.PROV-KKI/IV/2019', '2019-04-30', '64.30', 0),
(450, 233, 3, NULL, '', NULL, '0.00', 1),
(451, 234, 2, '2018-12-16', '493/P.PROV-KKI/IV/2019', '2019-04-30', '64.30', 0),
(452, 234, 3, NULL, '', NULL, '0.00', 1),
(453, 235, 2, '2018-12-16', '494/P.PROV-KKI/IV/2019', '2019-04-30', '64.30', 0),
(454, 235, 3, NULL, '', NULL, '0.00', 1),
(455, 236, 2, '2018-12-16', '495/P.PROV-KKI/IV/2019', '2019-04-30', '64.30', 0),
(456, 236, 3, NULL, '', NULL, '0.00', 1),
(457, 237, 2, '2018-12-16', '496/P.PROV-KKI/IV/2019', '2019-04-30', '64.30', 0),
(458, 237, 3, NULL, '', NULL, '0.00', 1),
(459, 238, 2, '2018-12-16', '497/P.PROV-KKI/IV/2019', '2019-04-30', '64.30', 0),
(460, 238, 3, NULL, '', NULL, '0.00', 1),
(461, 239, 2, '2018-12-16', '498/P.PROV-KKI/IV/2019', '2019-04-30', '64.30', 0),
(462, 239, 3, NULL, '', NULL, '0.00', 1),
(463, 240, 2, '2018-12-16', '499/P.PROV-KKI/IV/2019', '2019-04-30', '64.30', 0),
(464, 240, 3, NULL, '', NULL, '0.00', 1),
(465, 241, 2, '2018-12-16', '500/P.PROV-KKI/IV/2019', '2019-04-30', '64.30', 0),
(466, 241, 3, NULL, '', NULL, '0.00', 1),
(467, 242, 2, '2018-12-16', '501/P.PROV-KKI/IV/2019', '2019-04-30', '64.30', 0),
(468, 242, 3, NULL, '', NULL, '0.00', 1),
(469, 243, 2, '2018-12-16', '502/P.PROV-KKI/IV/2019', '2019-04-30', '64.30', 0),
(470, 243, 3, NULL, '', NULL, '0.00', 1),
(471, 244, 2, '2018-12-16', '503/P.PROV-KKI/IV/2019', '2019-04-30', '64.30', 0),
(472, 244, 3, NULL, '', NULL, '0.00', 1),
(473, 245, 2, '2018-12-16', '504/P.PROV-KKI/IV/2019', '2019-04-30', '64.30', 0),
(474, 245, 3, NULL, '', NULL, '0.00', 1),
(475, 246, 2, '2018-12-16', '505/P.PROV-KKI/IV/2019', '2019-04-30', '64.30', 0),
(476, 246, 3, NULL, '', NULL, '0.00', 1),
(477, 247, 2, '2018-12-16', '506/P.PROV-KKI/IV/2019', '2019-04-30', '64.30', 0),
(478, 247, 3, NULL, '', NULL, '0.00', 1),
(479, 248, 2, '2018-12-16', '507/P.PROV-KKI/IV/2019', '2019-04-30', '64.30', 0),
(480, 249, 3, NULL, '', NULL, '0.00', 1),
(481, 249, 2, '2018-12-16', '508/P.PROV-KKI/IV/2019', '2019-04-30', '64.30', 0),
(482, 249, 3, NULL, '', NULL, '0.00', 1),
(483, 250, 2, '2018-12-16', '509/P.PROV-KKI/IV/2019', '2019-04-30', '64.30', 0),
(484, 250, 3, NULL, '', NULL, '0.00', 1),
(485, 251, 2, '2018-12-16', '510/P.PROV-KKI/IV/2019', '2019-04-30', '64.30', 0),
(486, 251, 3, NULL, '', NULL, '0.00', 1),
(487, 252, 2, '2018-12-16', '511/P.PROV-KKI/IV/2019', '2019-04-30', '64.30', 0),
(488, 252, 3, NULL, '', NULL, '0.00', 1),
(489, 253, 2, '2018-12-16', '512/P.PROV-KKI/IV/2019', '2019-04-30', '64.30', 0),
(490, 253, 3, NULL, '', NULL, '0.00', 1),
(491, 254, 2, '2018-12-16', '513/P.PROV-KKI/IV/2019', '2019-04-30', '64.30', 0),
(492, 254, 3, NULL, '', NULL, '0.00', 1),
(493, 255, 2, '2018-12-09', '523/P.PROV-KKI/IV/2019', '2019-04-30', '64.30', 0),
(494, 255, 3, NULL, '', NULL, '0.00', 1),
(495, 256, 2, '2018-12-09', '524/P.PROV-KKI/IV/2019', '2019-04-30', '64.30', 0),
(496, 256, 3, NULL, '', NULL, '0.00', 1),
(497, 257, 2, '2018-12-09', '525/P.PROV-KKI/IV/2019', '2019-04-30', '64.30', 0),
(498, 257, 3, NULL, '', NULL, '0.00', 1),
(499, 258, 2, '2018-12-09', '526/P.PROV-KKI/IV/2019', '2019-04-30', '64.30', 0),
(500, 258, 3, NULL, '', NULL, '0.00', 1),
(501, 259, 2, '2018-12-09', '527/P.PROV-KKI/IV/2019', '2019-04-30', '64.30', 0),
(502, 259, 3, NULL, '', NULL, '0.00', 1),
(503, 260, 2, '2018-12-09', '528/P.PROV-KKI/IV/2019', '2019-04-30', '64.30', 0),
(504, 260, 3, NULL, '', NULL, '0.00', 1),
(505, 261, 2, '2018-11-25', '536/P.PROV-KKI/IV/2019', '2019-04-30', '64.30', 0),
(506, 261, 3, NULL, '', NULL, '0.00', 1),
(507, 262, 2, '2018-11-25', '537/P.PROV-KKI/IV/2019', '2019-04-30', '64.30', 0),
(508, 262, 3, NULL, '', NULL, '0.00', 1),
(509, 263, 2, '2018-11-25', '538/P.PROV-KKI/IV/2019', '2019-04-30', '64.30', 0),
(510, 263, 3, NULL, '', NULL, '0.00', 1),
(511, 264, 2, '2018-11-25', '539/P.PROV-KKI/IV/2019', '2019-04-30', '64.30', 0),
(512, 264, 3, NULL, '', NULL, '0.00', 1),
(513, 265, 2, '2018-11-25', '540/P.PROV-KKI/IV/2019', '2019-04-30', '64.30', 0),
(514, 265, 3, NULL, '', NULL, '0.00', 1),
(515, 266, 2, '2018-11-25', '541/P.PROV-KKI/IV/2019', '2019-04-30', '64.30', 0),
(516, 266, 3, NULL, '', NULL, '0.00', 1),
(517, 267, 2, '2018-11-25', '542/P.PROV-KKI/IV/2019', '2019-04-30', '64.30', 0),
(518, 267, 3, NULL, '', NULL, '0.00', 1),
(519, 268, 2, '2018-11-25', '543/P.PROV-KKI/IV/2019', '2019-04-30', '64.30', 0),
(520, 268, 3, NULL, '', NULL, '0.00', 1),
(521, 269, 2, '2018-11-25', '544/P.PROV-KKI/IV/2019', '2019-04-30', '64.30', 0),
(522, 269, 3, NULL, '', NULL, '0.00', 1),
(523, 270, 2, '2018-11-25', '545/P.PROV-KKI/IV/2019', '2019-04-30', '64.30', 0),
(524, 270, 3, NULL, '', NULL, '0.00', 1),
(525, 271, 2, '2018-11-25', '546/P.PROV-KKI/IV/2019', '2019-04-30', '64.30', 0),
(526, 271, 3, NULL, '', NULL, '0.00', 1),
(527, 272, 2, '2018-11-25', '547/P.PROV-KKI/IV/2019', '2019-04-30', '64.30', 0),
(528, 272, 3, NULL, '', NULL, '0.00', 3),
(529, 273, 2, '2018-11-25', '548/P.PROV-KKI/IV/2019', '2019-04-30', '64.30', 0),
(530, 273, 3, NULL, '', NULL, '0.00', 1),
(531, 274, 2, '2018-11-25', '549/P.PROV-KKI/IV/2019', '2019-04-30', '64.30', 0),
(532, 274, 3, NULL, '', NULL, '0.00', 1),
(533, 275, 2, '2018-11-25', '550/P.PROV-KKI/IV/2019', '2019-04-30', '64.30', 0),
(534, 275, 3, NULL, '', NULL, '0.00', 1),
(535, 276, 2, '2018-11-25', '551/P.PROV-KKI/IV/2019', '2019-04-30', '64.30', 0),
(536, 276, 3, NULL, '', NULL, '0.00', 1),
(537, 277, 2, '2018-11-25', '552/P.PROV-KKI/IV/2019', '2019-04-30', '64.30', 0),
(538, 277, 3, NULL, '', NULL, '0.00', 1),
(539, 278, 2, '2018-11-25', '553/P.PROV-KKI/IV/2019', '2019-04-30', '64.30', 0),
(540, 278, 3, NULL, '', NULL, '0.00', 1),
(541, 279, 2, '2018-11-25', '554/P.PROV-KKI/IV/2019', '2019-04-30', '64.30', 0),
(542, 279, 3, NULL, '', NULL, '0.00', 1),
(543, 280, 2, NULL, '', NULL, '0.00', 0),
(544, 280, 3, '2018-12-13', '076/P.PROV-KKI/II/2019', '2019-02-28', '65.00', 0),
(545, 280, 4, NULL, '', NULL, '0.00', 1),
(546, 281, 2, NULL, '', NULL, '0.00', 0),
(547, 281, 3, '2018-12-13', '082/P.PROV-KKI/II/2019', '2019-02-28', '67.90', 0),
(548, 281, 4, NULL, '', NULL, '0.00', 1),
(549, 282, 2, NULL, '', NULL, '0.00', 0),
(550, 282, 3, '2018-12-13', '084/P.PROV-KKI/II/2019', '2019-02-28', '67.90', 0),
(551, 282, 4, NULL, '', NULL, '0.00', 1),
(552, 283, 2, NULL, '', NULL, '0.00', 0),
(553, 283, 3, '2018-12-13', '086/P.PROV-KKI/II/2019', '2019-02-28', '68.60', 0),
(554, 283, 4, NULL, '', NULL, '0.00', 1),
(555, 284, 2, NULL, '', NULL, '0.00', 0),
(556, 284, 3, '2019-01-27', '148/P.PROV-KKI/III/2019', '2019-03-30', '72.00', 0),
(557, 284, 4, NULL, '', NULL, '0.00', 1),
(558, 285, 2, NULL, '', NULL, '0.00', 0),
(559, 285, 3, '2019-01-27', '149/P.PROV-KKI/III/2019', '2019-03-30', '71.00', 0),
(560, 285, 4, NULL, '', NULL, '0.00', 1),
(561, 286, 2, NULL, '', NULL, '0.00', 0),
(562, 286, 3, '2019-01-27', '150/P.PROV-KKI/III/2019', '2019-03-30', '71.70', 0),
(563, 286, 4, NULL, '', NULL, '0.00', 1),
(564, 287, 2, NULL, '', NULL, '0.00', 0),
(565, 287, 3, '2019-01-27', '151/P.PROV-KKI/III/2019', '2019-03-30', '71.30', 0),
(566, 287, 4, NULL, '', NULL, '0.00', 1),
(567, 288, 2, NULL, '', NULL, '0.00', 0),
(568, 288, 3, '2019-01-27', '152/P.PROV-KKI/III/2019', '2019-03-30', '71.40', 0),
(569, 288, 4, NULL, '', NULL, '0.00', 1),
(570, 289, 2, NULL, '', NULL, '0.00', 0),
(571, 289, 3, '2019-01-27', '153/P.PROV-KKI/III/2019', '2019-03-30', '70.90', 0),
(572, 289, 4, NULL, '', NULL, '0.00', 1),
(573, 290, 2, NULL, '', NULL, '0.00', 0),
(574, 290, 3, '2019-01-27', '154/P.PROV-KKI/III/2019', '2019-03-30', '71.60', 0),
(575, 290, 4, NULL, '', NULL, '0.00', 1),
(576, 291, 2, NULL, '', NULL, '0.00', 0),
(577, 291, 3, '2019-01-27', '155/P.PROV-KKI/III/2019', '2019-03-30', '70.90', 0),
(578, 291, 4, NULL, '', NULL, '0.00', 1),
(579, 292, 2, NULL, '', NULL, '0.00', 0),
(580, 292, 3, '2019-01-27', '156/P.PROV-KKI/III/2019', '2019-03-30', '73.00', 0),
(581, 292, 4, NULL, '', NULL, '0.00', 1),
(582, 293, 2, NULL, '', NULL, '0.00', 0),
(583, 293, 3, '2019-01-27', '157/P.PROV-KKI/III/2019', '2019-03-30', '71.10', 0),
(584, 293, 4, NULL, '', NULL, '0.00', 1),
(585, 294, 2, NULL, '', NULL, '0.00', 0),
(586, 294, 3, '2019-01-27', '158/P.PROV-KKI/III/2019', '2019-03-30', '70.70', 0),
(587, 294, 4, NULL, '', NULL, '0.00', 1),
(588, 295, 2, NULL, '', NULL, '0.00', 0),
(589, 295, 3, '2019-01-27', '159/P.PROV-KKI/III/2019', '2019-03-30', '73.60', 0),
(590, 295, 4, NULL, '', NULL, '0.00', 1),
(591, 296, 2, NULL, '', NULL, '0.00', 0),
(592, 296, 3, '2019-01-27', '160/P.PROV-KKI/III/2019', '2019-03-30', '71.70', 0),
(593, 296, 4, NULL, '', NULL, '0.00', 1),
(594, 297, 2, NULL, '', NULL, '0.00', 0),
(595, 297, 3, '2019-01-27', '161/P.PROV-KKI/III/2019', '2019-03-30', '71.00', 0),
(596, 297, 4, NULL, '', NULL, '0.00', 1),
(597, 298, 2, NULL, '', NULL, '0.00', 0),
(598, 298, 3, '2019-01-27', '162/P.PROV-KKI/III/2019', '2019-03-30', '70.90', 0),
(599, 298, 4, NULL, '', NULL, '0.00', 1),
(600, 299, 2, NULL, '', NULL, '0.00', 0),
(601, 299, 3, '2019-01-27', '163/P.PROV-KKI/III/2019', '2019-03-30', '71.30', 0),
(602, 299, 4, NULL, '', NULL, '0.00', 1),
(603, 300, 2, NULL, '', NULL, '0.00', 0),
(604, 300, 3, '2019-01-27', '164/P.PROV-KKI/III/2019', '2019-03-30', '73.00', 0),
(605, 300, 4, NULL, '', NULL, '0.00', 1),
(606, 301, 2, NULL, '', NULL, '0.00', 0),
(607, 301, 3, '2019-01-27', '165/P.PROV-KKI/III/2019', '2019-03-30', '71.70', 0),
(608, 301, 4, NULL, '', NULL, '0.00', 1),
(609, 302, 2, NULL, '', NULL, '0.00', 0),
(610, 302, 3, '2019-01-27', '166/P.PROV-KKI/III/2019', '2019-03-30', '71.90', 0),
(611, 302, 4, NULL, '', NULL, '0.00', 1),
(612, 303, 2, NULL, '', NULL, '0.00', 0),
(613, 303, 3, '2019-01-27', '167/P.PROV-KKI/III/2019', '2019-03-30', '71.30', 0),
(614, 303, 4, NULL, '', NULL, '0.00', 1),
(615, 304, 2, NULL, '', NULL, '0.00', 0),
(616, 304, 3, '2019-01-27', '168/P.PROV-KKI/III/2019', '2019-03-30', '71.10', 0),
(617, 304, 4, NULL, '', NULL, '0.00', 1),
(618, 305, 2, NULL, '', NULL, '0.00', 0),
(619, 305, 3, '2019-01-27', '169/P.PROV-KKI/III/2019', '2019-03-30', '70.90', 0),
(620, 305, 4, NULL, '', NULL, '0.00', 1),
(621, 306, 2, NULL, '', NULL, '0.00', 0),
(622, 306, 3, '2019-01-27', '170/P.PROV-KKI/III/2019', '2019-03-30', '72.60', 0),
(623, 306, 4, NULL, '', NULL, '0.00', 1),
(624, 307, 2, NULL, '', NULL, '0.00', 0),
(625, 307, 3, '2019-01-27', '171/P.PROV-KKI/III/2019', '2019-03-30', '71.10', 0),
(626, 307, 4, NULL, '', NULL, '0.00', 1),
(627, 308, 2, NULL, '', NULL, '0.00', 0),
(628, 308, 3, '2019-01-27', '172/P.PROV-KKI/III/2019', '2019-03-30', '72.00', 0),
(629, 308, 4, NULL, '', NULL, '0.00', 1),
(630, 309, 2, NULL, '', NULL, '0.00', 0),
(631, 309, 3, '2019-01-27', '173/P.PROV-KKI/III/2019', '2019-03-30', '71.10', 0),
(632, 309, 4, NULL, '', NULL, '0.00', 1),
(633, 310, 2, NULL, '', NULL, '0.00', 0),
(634, 310, 3, '2019-01-27', '174/P.PROV-KKI/III/2019', '2019-03-30', '71.60', 0),
(635, 310, 4, NULL, '', NULL, '0.00', 1),
(636, 311, 2, NULL, '', NULL, '0.00', 0),
(637, 311, 3, '2019-01-27', '175/P.PROV-KKI/III/2019', '2019-03-30', '71.40', 0),
(638, 311, 4, NULL, '', NULL, '0.00', 1),
(639, 312, 2, NULL, '', NULL, '0.00', 0),
(640, 312, 3, '2019-01-27', '176/P.PROV-KKI/III/2019', '2019-03-30', '71.10', 0),
(641, 312, 4, NULL, '', NULL, '0.00', 1),
(642, 313, 2, NULL, '', NULL, '0.00', 0),
(643, 313, 3, '2019-01-27', '177/P.PROV-KKI/III/2019', '2019-03-30', '71.00', 0),
(644, 313, 4, NULL, '', NULL, '0.00', 1),
(645, 314, 2, NULL, '', NULL, '0.00', 0),
(646, 314, 3, '2019-01-27', '246/P.PROV-KKI/III/2019', '2019-03-30', '70.00', 0),
(647, 314, 4, NULL, '', NULL, '0.00', 1),
(648, 315, 2, NULL, '', NULL, '0.00', 0),
(649, 315, 3, '2018-11-25', '309/P.PROV-KKI/IV/2019', '2019-04-30', '68.60', 0),
(650, 315, 4, NULL, '', NULL, '0.00', 1),
(651, 316, 2, NULL, '', NULL, '0.00', 0),
(652, 316, 3, '2018-11-25', '310/P.PROV-KKI/IV/2019', '2019-04-30', '68.60', 0),
(653, 317, 4, NULL, '', NULL, '0.00', 1),
(654, 317, 2, NULL, '', NULL, '0.00', 0),
(655, 317, 3, '2018-11-25', '311/P.PROV-KKI/IV/2019', '2019-04-30', '68.60', 0),
(656, 317, 4, NULL, '', NULL, '0.00', 1),
(657, 318, 2, NULL, '', NULL, '0.00', 0),
(658, 318, 3, '2018-12-02', '323/P.PROV-KKI/IV/2019', '2019-04-30', '68.60', 0),
(659, 318, 4, NULL, '', NULL, '0.00', 1),
(660, 319, 2, NULL, '', NULL, '0.00', 0),
(661, 319, 3, '2018-12-02', '324/P.PROV-KKI/IV/2019', '2019-04-30', '68.60', 0),
(662, 319, 4, NULL, '', NULL, '0.00', 1),
(663, 320, 2, NULL, '', NULL, '0.00', 0),
(664, 320, 3, '2018-12-02', '325/P.PROV-KKI/IV/2019', '2019-04-30', '68.60', 0),
(665, 320, 4, NULL, '', NULL, '0.00', 1),
(666, 321, 2, NULL, '', NULL, '0.00', 0),
(667, 321, 3, '2018-12-02', '326/P.PROV-KKI/IV/2019', '2019-04-30', '68.60', 0),
(668, 321, 4, NULL, '', NULL, '0.00', 1),
(669, 322, 2, NULL, '', NULL, '0.00', 0),
(670, 322, 3, '2018-12-02', '327/P.PROV-KKI/IV/2019', '2019-04-30', '68.60', 0),
(671, 322, 4, NULL, '', NULL, '0.00', 1),
(672, 323, 2, NULL, '', NULL, '0.00', 0),
(673, 323, 3, '2018-12-02', '328/P.PROV-KKI/IV/2019', '2019-04-30', '68.60', 0),
(674, 323, 4, NULL, '', NULL, '0.00', 1),
(675, 324, 2, NULL, '', NULL, '0.00', 0),
(676, 324, 3, '2018-09-12', '359/P.PROV-KKI/IV/2019', '2019-04-30', '68.60', 0),
(677, 324, 4, NULL, '', NULL, '0.00', 1),
(678, 325, 2, NULL, '', NULL, '0.00', 0),
(679, 325, 3, '2018-11-18', '391/P.PROV-KKI/IV/2019', '2019-04-30', '68.60', 0),
(680, 325, 4, NULL, '', NULL, '0.00', 1),
(681, 326, 2, NULL, '', NULL, '0.00', 0),
(682, 326, 3, '2018-11-18', '392/P.PROV-KKI/IV/2019', '2019-04-30', '68.60', 0),
(683, 326, 4, NULL, '', NULL, '0.00', 1),
(684, 327, 2, NULL, '', NULL, '0.00', 0),
(685, 327, 3, '2018-11-18', '448/P.PROV-KKI/IV/2019', '2019-04-30', '68.60', 0),
(686, 327, 4, NULL, '', NULL, '0.00', 1),
(687, 328, 2, NULL, '', NULL, '0.00', 0),
(688, 328, 3, '2018-12-16', '480/P.PROV-KKI/IV/2019', '2019-04-30', '68.60', 0),
(689, 328, 4, NULL, '', NULL, '0.00', 1),
(690, 329, 2, NULL, '', NULL, '0.00', 0),
(691, 329, 3, '2018-12-09', '521/P.PROV-KKI/IV/2019', '2019-04-30', '68.60', 0),
(692, 329, 4, NULL, '', NULL, '0.00', 1),
(693, 330, 2, NULL, '', NULL, '0.00', 0),
(694, 330, 3, '2018-12-09', '522/P.PROV-KKI/IV/2019', '2019-04-30', '68.60', 0),
(695, 330, 4, NULL, '', NULL, '0.00', 1),
(696, 331, 2, NULL, '', NULL, '0.00', 0),
(697, 331, 3, '2018-12-09', '534/P.PROV-KKI/IV/2019', '2019-04-30', '68.60', 0),
(698, 331, 4, NULL, '', NULL, '0.00', 1),
(699, 332, 2, NULL, '', NULL, '0.00', 0),
(700, 332, 3, '2018-12-09', '535/P.PROV-KKI/IV/2019', '2019-04-30', '68.60', 0),
(701, 332, 4, NULL, '', NULL, '0.00', 1),
(702, 333, 2, NULL, '', NULL, '0.00', 0),
(703, 333, 3, NULL, '', NULL, '0.00', 0),
(704, 333, 4, '2018-12-13', '077/P.PROV-KKI/II/2019', '2019-02-28', '65.00', 0),
(705, 333, 5, NULL, '', NULL, '0.00', 1),
(706, 334, 2, NULL, '', NULL, '0.00', 0),
(707, 334, 3, NULL, '', NULL, '0.00', 0),
(708, 334, 4, '2018-12-13', '078/P.PROV-KKI/II/2019', '2019-02-28', '70.00', 0),
(709, 334, 5, NULL, '', NULL, '0.00', 1),
(710, 335, 2, NULL, '', NULL, '0.00', 0),
(711, 335, 3, NULL, '', NULL, '0.00', 0),
(712, 335, 4, '2018-12-13', '079/P.PROV-KKI/II/2019', '2019-02-28', '70.00', 0),
(713, 335, 5, NULL, '', NULL, '0.00', 1),
(714, 336, 2, NULL, '', NULL, '0.00', 0),
(715, 336, 3, NULL, '', NULL, '0.00', 0),
(716, 336, 4, '2018-12-13', '080/P.PROV-KKI/II/2019', '2019-02-28', '70.00', 0),
(717, 336, 5, NULL, '', NULL, '0.00', 1),
(718, 337, 2, NULL, '', NULL, '0.00', 0),
(719, 337, 3, NULL, '', NULL, '0.00', 0),
(720, 337, 4, '2018-12-13', '081/P.PROV-KKI/II/2019', '2019-02-28', '69.30', 0),
(721, 337, 5, NULL, '', NULL, '0.00', 1),
(722, 338, 2, NULL, '', NULL, '0.00', 0),
(723, 338, 3, NULL, '', NULL, '0.00', 0),
(724, 338, 4, '2018-12-13', '085/P.PROV-KKI/II/2019', '2019-02-28', '69.30', 0),
(725, 338, 5, NULL, '', NULL, '0.00', 1),
(726, 339, 2, NULL, '', NULL, '0.00', 0),
(727, 339, 3, NULL, '', NULL, '0.00', 0),
(728, 339, 4, '2018-12-13', '087/P.PROV-KKI/II/2019', '2019-02-28', '69.30', 0),
(729, 339, 5, NULL, '', NULL, '0.00', 1),
(730, 340, 2, NULL, '', NULL, '0.00', 0),
(731, 340, 3, NULL, '', NULL, '0.00', 0),
(732, 340, 4, '2019-01-27', '178/P.PROV-KKI/III/2019', '2019-03-30', '69.30', 0),
(733, 340, 5, NULL, '', NULL, '0.00', 1),
(734, 341, 2, NULL, '', NULL, '0.00', 0),
(735, 341, 3, NULL, '', NULL, '0.00', 0),
(736, 341, 4, '2019-01-27', '179/P.PROV-KKI/III/2019', '2019-03-30', '68.60', 0),
(737, 341, 5, NULL, '', NULL, '0.00', 1),
(738, 342, 2, NULL, '', NULL, '0.00', 0),
(739, 342, 3, NULL, '', NULL, '0.00', 0),
(740, 342, 4, '2019-01-27', '180/P.PROV-KKI/III/2019', '2019-03-30', '67.90', 0),
(741, 342, 5, NULL, '', NULL, '0.00', 1),
(742, 343, 2, NULL, '', NULL, '0.00', 0),
(743, 343, 3, NULL, '', NULL, '0.00', 0),
(744, 343, 4, '2019-01-27', '181/P.PROV-KKI/III/2019', '2019-03-30', '69.30', 0),
(745, 343, 5, NULL, '', NULL, '0.00', 1),
(746, 344, 2, NULL, '', NULL, '0.00', 0),
(747, 344, 3, NULL, '', NULL, '0.00', 0),
(748, 344, 4, '2019-01-27', '182/P.PROV-KKI/III/2019', '2019-03-30', '69.30', 0),
(749, 344, 5, NULL, '', NULL, '0.00', 1),
(750, 345, 2, NULL, '', NULL, '0.00', 0),
(751, 345, 3, NULL, '', NULL, '0.00', 0),
(752, 345, 4, '2019-01-27', '183/P.PROV-KKI/III/2019', '2019-03-30', '68.60', 0),
(753, 345, 5, NULL, '', NULL, '0.00', 1),
(754, 346, 2, NULL, '', NULL, '0.00', 0),
(755, 346, 3, NULL, '', NULL, '0.00', 0),
(756, 346, 4, '2019-01-27', '184/P.PROV-KKI/III/2019', '2019-03-30', '69.30', 0),
(757, 346, 5, NULL, '', NULL, '0.00', 1),
(758, 347, 2, NULL, '', NULL, '0.00', 0),
(759, 347, 3, NULL, '', NULL, '0.00', 0),
(760, 347, 4, '2019-01-27', '185/P.PROV-KKI/III/2019', '2019-03-30', '68.60', 0),
(761, 347, 5, NULL, '', NULL, '0.00', 1),
(762, 348, 2, NULL, '', NULL, '0.00', 0),
(763, 348, 3, NULL, '', NULL, '0.00', 0),
(764, 348, 4, '2019-01-27', '186/P.PROV-KKI/III/2019', '2019-03-30', '68.60', 0),
(765, 348, 5, NULL, '', NULL, '0.00', 1),
(766, 349, 2, NULL, '', NULL, '0.00', 0),
(767, 349, 3, NULL, '', NULL, '0.00', 0),
(768, 349, 4, '2019-01-27', '187/P.PROV-KKI/III/2019', '2019-03-30', '69.30', 0),
(769, 349, 5, NULL, '', NULL, '0.00', 1),
(770, 350, 2, NULL, '', NULL, '0.00', 0),
(771, 350, 3, NULL, '', NULL, '0.00', 0),
(772, 350, 4, '2019-01-27', '188/P.PROV-KKI/III/2019', '2019-03-30', '67.40', 0),
(773, 350, 5, NULL, '', NULL, '0.00', 1),
(774, 351, 2, NULL, '', NULL, '0.00', 0),
(775, 351, 3, NULL, '', NULL, '0.00', 0),
(776, 351, 4, '2019-01-27', '189/P.PROV-KKI/III/2019', '2019-03-30', '67.40', 0),
(777, 351, 5, NULL, '', NULL, '0.00', 1),
(778, 352, 2, NULL, '', NULL, '0.00', 0),
(779, 352, 3, NULL, '', NULL, '0.00', 0),
(780, 352, 4, '2019-01-27', '190/P.PROV-KKI/III/2019', '2019-03-30', '67.40', 0),
(781, 352, 5, NULL, '', NULL, '0.00', 1),
(782, 353, 2, NULL, '', NULL, '0.00', 0),
(783, 353, 3, NULL, '', NULL, '0.00', 0),
(784, 353, 4, '2019-01-27', '191/P.PROV-KKI/III/2019', '2019-03-30', '67.10', 0),
(785, 353, 5, NULL, '', NULL, '0.00', 1),
(786, 354, 2, NULL, '', NULL, '0.00', 0),
(787, 354, 3, NULL, '', NULL, '0.00', 0),
(788, 354, 4, '2019-01-27', '192/P.PROV-KKI/III/2019', '2019-03-30', '68.10', 0),
(789, 354, 5, NULL, '', NULL, '0.00', 1),
(790, 355, 2, NULL, '', NULL, '0.00', 0),
(791, 355, 3, NULL, '', NULL, '0.00', 0),
(792, 355, 4, '2019-01-27', '193/P.PROV-KKI/III/2019', '2019-03-30', '68.10', 0),
(793, 355, 5, NULL, '', NULL, '0.00', 1),
(794, 356, 2, NULL, '', NULL, '0.00', 0),
(795, 356, 3, NULL, '', NULL, '0.00', 0),
(796, 356, 4, '2019-01-27', '194/P.PROV-KKI/III/2019', '2019-03-30', '68.90', 0),
(797, 356, 5, NULL, '', NULL, '0.00', 1),
(798, 357, 2, NULL, '', NULL, '0.00', 0),
(799, 357, 3, NULL, '', NULL, '0.00', 0),
(800, 357, 4, '2019-01-27', '195/P.PROV-KKI/III/2019', '2019-03-30', '67.40', 0),
(801, 357, 5, NULL, '', NULL, '0.00', 1),
(802, 358, 2, NULL, '', NULL, '0.00', 0),
(803, 358, 3, NULL, '', NULL, '0.00', 0),
(804, 358, 4, '2019-01-27', '196/P.PROV-KKI/III/2019', '2019-03-30', '68.10', 0),
(805, 358, 5, NULL, '', NULL, '0.00', 1),
(806, 359, 2, NULL, '', NULL, '0.00', 0),
(807, 359, 3, NULL, '', NULL, '0.00', 0),
(808, 359, 4, '2019-01-27', '197/P.PROV-KKI/III/2019', '2019-03-30', '68.10', 0),
(809, 359, 5, NULL, '', NULL, '0.00', 1),
(810, 360, 2, NULL, '', NULL, '0.00', 0),
(811, 360, 3, NULL, '', NULL, '0.00', 0),
(812, 360, 4, '2019-01-27', '198/P.PROV-KKI/III/2019', '2019-03-30', '68.30', 0),
(813, 360, 5, NULL, '', NULL, '0.00', 1),
(814, 361, 2, NULL, '', NULL, '0.00', 0),
(815, 361, 3, NULL, '', NULL, '0.00', 0),
(816, 361, 4, '2019-01-27', '199/P.PROV-KKI/III/2019', '2019-03-30', '68.00', 0),
(817, 361, 5, NULL, '', NULL, '0.00', 1),
(818, 362, 2, NULL, '', NULL, '0.00', 0),
(819, 362, 3, NULL, '', NULL, '0.00', 0),
(820, 362, 4, '2019-01-27', '200/P.PROV-KKI/III/2019', '2019-03-30', '67.70', 0),
(821, 362, 5, NULL, '', NULL, '0.00', 1),
(822, 363, 2, NULL, '', NULL, '0.00', 0),
(823, 363, 3, '2018-07-01', '1426/P.PROV-KKI/VIII/2018', '2018-08-30', '66.40', 0),
(824, 363, 4, '2019-01-27', '201/P.PROV-KKI/III/2019', '2019-03-30', '67.60', 0),
(825, 363, 5, NULL, '', NULL, '0.00', 1),
(826, 364, 2, NULL, '', NULL, '0.00', 0),
(827, 364, 3, NULL, '', NULL, '0.00', 0),
(828, 364, 4, '2019-01-27', '202/P.PROV-KKI/III/2019', '2019-03-30', '67.70', 0),
(829, 364, 5, NULL, '', NULL, '0.00', 1),
(830, 365, 2, NULL, '', NULL, '0.00', 0),
(831, 365, 3, NULL, '', NULL, '0.00', 0),
(832, 365, 4, '2019-01-27', '203/P.PROV-KKI/III/2019', '2019-03-30', '67.70', 0),
(833, 365, 5, NULL, '', NULL, '0.00', 1),
(834, 366, 2, NULL, '', NULL, '0.00', 0),
(835, 366, 3, NULL, '', NULL, '0.00', 0),
(836, 366, 4, '2019-01-27', '204/P.PROV-KKI/III/2019', '2019-03-30', '67.60', 0),
(837, 366, 5, NULL, '', NULL, '0.00', 1),
(838, 367, 2, NULL, '', NULL, '0.00', 0),
(839, 367, 3, NULL, '', NULL, '0.00', 0),
(840, 367, 4, '2019-01-27', '205/P.PROV-KKI/III/2019', '2019-03-30', '68.10', 0),
(841, 367, 5, NULL, '', NULL, '0.00', 1),
(842, 368, 2, NULL, '', NULL, '0.00', 0),
(843, 368, 3, NULL, '', NULL, '0.00', 0),
(844, 368, 4, '2019-01-27', '206/P.PROV-KKI/III/2019', '2019-03-30', '67.70', 0),
(845, 368, 5, NULL, '', NULL, '0.00', 1),
(846, 369, 2, NULL, '', NULL, '0.00', 0),
(847, 369, 3, NULL, '', NULL, '0.00', 0),
(848, 369, 4, '2019-01-27', '207/P.PROV-KKI/III/2019', '2019-03-30', '68.00', 0),
(849, 369, 5, NULL, '', NULL, '0.00', 1),
(850, 370, 2, NULL, '', NULL, '0.00', 0),
(851, 370, 3, NULL, '', NULL, '0.00', 0),
(852, 370, 4, '2019-01-27', '208/P.PROV-KKI/III/2019', '2019-03-30', '67.40', 0),
(853, 370, 5, NULL, '', NULL, '0.00', 1),
(854, 371, 2, NULL, '', NULL, '0.00', 0),
(855, 371, 3, NULL, '', NULL, '0.00', 0),
(856, 371, 4, '2019-01-27', '212/P.PROV-KKI/III/2019', '2019-03-30', '68.00', 0),
(857, 371, 5, NULL, '', NULL, '0.00', 1),
(858, 372, 2, NULL, '', NULL, '0.00', 0),
(859, 372, 3, '2018-07-01', '1480/P.PROV-KKI/VIII/2018', '2018-08-30', '67.10', 0),
(860, 372, 4, '2019-01-27', '213/P.PROV-KKI/III/2019', '2019-03-30', '68.10', 0),
(861, 372, 5, NULL, '', NULL, '0.00', 1),
(862, 373, 2, NULL, '', NULL, '0.00', 0),
(863, 373, 3, NULL, '', NULL, '0.00', 0),
(864, 373, 4, '2019-01-27', '214/P.PROV-KKI/III/2019', '2019-03-30', '67.70', 0),
(865, 373, 5, NULL, '', NULL, '0.00', 1),
(866, 374, 2, NULL, '', NULL, '0.00', 0),
(867, 374, 3, NULL, '', NULL, '0.00', 0),
(868, 374, 4, '2019-01-27', '215/P.PROV-KKI/III/2019', '2019-03-30', '67.60', 0),
(869, 374, 5, NULL, '', NULL, '0.00', 1),
(870, 375, 2, NULL, '', NULL, '0.00', 0),
(871, 375, 3, NULL, '', NULL, '0.00', 0),
(872, 375, 4, '2019-01-27', '216/P.PROV-KKI/III/2019', '2019-03-30', '67.40', 0),
(873, 375, 5, NULL, '', NULL, '0.00', 1),
(874, 376, 2, NULL, '', NULL, '0.00', 0),
(875, 376, 3, NULL, '', NULL, '0.00', 0),
(876, 376, 4, '2018-11-25', '303/P.PROV-KKI/IV/2019', '2019-04-30', '70.00', 0),
(877, 376, 5, NULL, '', NULL, '0.00', 1),
(878, 377, 2, NULL, '', NULL, '0.00', 0),
(879, 377, 3, NULL, '', NULL, '0.00', 0),
(880, 377, 4, '2018-11-25', '303/P.PROV-KKI/IV/2019', '2019-04-30', '70.00', 0),
(881, 377, 5, NULL, '', NULL, '0.00', 1),
(882, 378, 2, NULL, '', NULL, '0.00', 0),
(883, 378, 3, NULL, '', NULL, '0.00', 0),
(884, 378, 4, '2018-11-25', '303/P.PROV-KKI/IV/2019', '2019-04-30', '70.00', 0),
(885, 378, 5, NULL, '', NULL, '0.00', 1),
(886, 379, 2, NULL, '', NULL, '0.00', 0),
(887, 379, 3, NULL, '', NULL, '0.00', 0);
INSERT INTO `karateka` (`id_karateka`, `biodata`, `sabuk`, `tgl_ujian`, `no_ijasah`, `tgl_ijasah`, `nilai_rata`, `is_active`) VALUES
(888, 379, 4, '2018-11-25', '303/P.PROV-KKI/IV/2019', '2019-04-30', '70.00', 0),
(889, 379, 5, NULL, '', NULL, '0.00', 1),
(890, 380, 2, NULL, '', NULL, '0.00', 0),
(891, 380, 3, NULL, '', NULL, '0.00', 0),
(892, 380, 4, '2018-11-25', '303/P.PROV-KKI/IV/2019', '2019-04-30', '70.00', 0),
(893, 380, 5, NULL, '', NULL, '0.00', 1),
(894, 381, 2, NULL, '', NULL, '0.00', 0),
(895, 381, 3, NULL, '', NULL, '0.00', 0),
(896, 381, 4, '2018-11-25', '303/P.PROV-KKI/IV/2019', '2019-04-30', '70.00', 0),
(897, 381, 5, NULL, '', NULL, '0.00', 1),
(898, 382, 2, NULL, '', NULL, '0.00', 0),
(899, 382, 3, NULL, '', NULL, '0.00', 0),
(900, 382, 4, '2018-12-02', '317/P.PROV-KKI/IV/2019', '2019-04-30', '70.00', 0),
(901, 382, 5, NULL, '', NULL, '0.00', 1),
(902, 383, 2, NULL, '', NULL, '0.00', 0),
(903, 383, 3, NULL, '', NULL, '0.00', 0),
(904, 383, 4, '2018-12-02', '318/P.PROV-KKI/IV/2019', '2019-04-30', '70.00', 0),
(905, 383, 5, NULL, '', NULL, '0.00', 1),
(906, 384, 2, NULL, '', NULL, '0.00', 0),
(907, 384, 3, NULL, '', NULL, '0.00', 0),
(908, 384, 4, '2018-12-02', '319/P.PROV-KKI/IV/2019', '2019-04-30', '70.00', 0),
(909, 384, 5, NULL, '', NULL, '0.00', 1),
(910, 385, 2, NULL, '', NULL, '0.00', 0),
(911, 385, 3, NULL, '', NULL, '0.00', 0),
(912, 385, 4, '2018-12-02', '320/P.PROV-KKI/IV/2019', '2019-04-30', '70.00', 0),
(913, 385, 5, NULL, '', NULL, '0.00', 1),
(914, 386, 2, NULL, '', NULL, '0.00', 0),
(915, 386, 3, NULL, '', NULL, '0.00', 0),
(916, 386, 4, '2018-12-02', '321/P.PROV-KKI/IV/2019', '2019-04-30', '70.00', 0),
(917, 386, 5, NULL, '', NULL, '0.00', 1),
(918, 387, 2, NULL, '', NULL, '0.00', 0),
(919, 387, 3, NULL, '', NULL, '0.00', 0),
(920, 387, 4, '2018-12-02', '322/P.PROV-KKI/IV/2019', '2019-04-30', '70.00', 0),
(921, 387, 5, NULL, '', NULL, '0.00', 1),
(922, 388, 2, NULL, '', NULL, '0.00', 0),
(923, 388, 3, NULL, '', NULL, '0.00', 0),
(924, 388, 4, '2018-12-09', '354/P.PROV-KKI/IV/2019', '2019-04-30', '70.00', 0),
(925, 388, 5, NULL, '', NULL, '0.00', 1),
(926, 389, 2, NULL, '', NULL, '0.00', 0),
(927, 389, 3, NULL, '', NULL, '0.00', 0),
(928, 389, 4, '2018-12-09', '355/P.PROV-KKI/IV/2019', '2019-04-30', '70.00', 0),
(929, 389, 5, NULL, '', NULL, '0.00', 1),
(930, 390, 2, NULL, '', NULL, '0.00', 0),
(931, 390, 3, NULL, '', NULL, '0.00', 0),
(932, 390, 4, '2018-12-09', '356/P.PROV-KKI/IV/2019', '2019-04-30', '70.00', 0),
(933, 390, 5, NULL, '', NULL, '0.00', 1),
(934, 391, 2, NULL, '', NULL, '0.00', 0),
(935, 391, 3, NULL, '', NULL, '0.00', 0),
(936, 391, 4, '2018-12-09', '357/P.PROV-KKI/IV/2019', '2019-04-30', '70.00', 0),
(937, 391, 5, NULL, '', NULL, '0.00', 1),
(938, 392, 2, NULL, '', NULL, '0.00', 0),
(939, 392, 3, NULL, '', NULL, '0.00', 0),
(940, 392, 4, '2018-12-09', '358/P.PROV-KKI/IV/2019', '2019-04-30', '70.00', 0),
(941, 392, 5, NULL, '', NULL, '0.00', 1),
(942, 393, 2, NULL, '', NULL, '0.00', 0),
(943, 393, 3, NULL, '', NULL, '0.00', 0),
(944, 393, 4, '2018-11-18', '381/P.PROV-KKI/IV/2019', '2019-04-30', '70.00', 0),
(945, 393, 5, NULL, '', NULL, '0.00', 1),
(946, 394, 2, NULL, '', NULL, '0.00', 0),
(947, 394, 3, NULL, '', NULL, '0.00', 0),
(948, 394, 4, '2018-11-18', '382/P.PROV-KKI/IV/2019', '2019-04-30', '70.00', 0),
(949, 394, 5, NULL, '', NULL, '0.00', 1),
(950, 395, 2, NULL, '', NULL, '0.00', 0),
(951, 395, 3, NULL, '', NULL, '0.00', 0),
(952, 395, 4, '2018-11-18', '383/P.PROV-KKI/IV/2019', '2019-04-30', '70.00', 0),
(953, 395, 5, NULL, '', NULL, '0.00', 1),
(954, 396, 2, NULL, '', NULL, '0.00', 0),
(955, 396, 3, NULL, '', NULL, '0.00', 0),
(956, 396, 4, '2018-11-18', '384/P.PROV-KKI/IV/2019', '2019-04-30', '70.00', 0),
(957, 396, 5, NULL, '', NULL, '0.00', 1),
(958, 397, 2, NULL, '', NULL, '0.00', 0),
(959, 397, 3, NULL, '', NULL, '0.00', 0),
(960, 397, 4, '2018-11-18', '385/P.PROV-KKI/IV/2019', '2019-04-30', '70.00', 0),
(961, 397, 5, NULL, '', NULL, '0.00', 1),
(962, 398, 2, NULL, '', NULL, '0.00', 0),
(963, 398, 3, NULL, '', NULL, '0.00', 0),
(964, 398, 4, '2018-11-18', '386/P.PROV-KKI/IV/2019', '2019-04-30', '70.00', 0),
(965, 398, 5, NULL, '', NULL, '0.00', 1),
(966, 399, 2, NULL, '', NULL, '0.00', 0),
(967, 399, 3, NULL, '', NULL, '0.00', 0),
(968, 399, 4, '2018-11-18', '387/P.PROV-KKI/IV/2019', '2019-04-30', '70.00', 0),
(969, 399, 5, NULL, '', NULL, '0.00', 1),
(970, 400, 2, NULL, '', NULL, '0.00', 0),
(971, 400, 3, NULL, '', NULL, '0.00', 0),
(972, 400, 4, '2018-11-18', '388/P.PROV-KKI/IV/2019', '2019-04-30', '70.00', 0),
(973, 400, 5, NULL, '', NULL, '0.00', 1),
(974, 401, 2, NULL, '', NULL, '0.00', 0),
(975, 401, 3, NULL, '', NULL, '0.00', 0),
(976, 401, 4, '2018-11-18', '389/P.PROV-KKI/IV/2019', '2019-04-30', '70.00', 0),
(977, 401, 5, NULL, '', NULL, '0.00', 1),
(978, 402, 2, NULL, '', NULL, '0.00', 0),
(979, 402, 3, NULL, '', NULL, '0.00', 0),
(980, 402, 4, '2018-11-18', '390/P.PROV-KKI/IV/2019', '2019-04-30', '70.00', 0),
(981, 402, 5, NULL, '', NULL, '0.00', 1),
(982, 403, 2, NULL, '', NULL, '0.00', 0),
(983, 403, 3, NULL, '', NULL, '0.00', 0),
(984, 403, 4, '2018-11-18', '441/P.PROV-KKI/IV/2019', '2019-04-30', '70.00', 0),
(985, 403, 5, NULL, '', NULL, '0.00', 1),
(986, 404, 2, NULL, '', NULL, '0.00', 0),
(987, 404, 3, NULL, '', NULL, '0.00', 0),
(988, 404, 4, '2018-11-18', '442/P.PROV-KKI/IV/2019', '2019-04-30', '70.00', 0),
(989, 404, 5, NULL, '', NULL, '0.00', 1),
(990, 405, 2, NULL, '', NULL, '0.00', 0),
(991, 405, 3, NULL, '', NULL, '0.00', 0),
(992, 405, 4, '2018-11-18', '443/P.PROV-KKI/IV/2019', '2019-04-30', '70.00', 0),
(993, 405, 5, NULL, '', NULL, '0.00', 1),
(994, 406, 2, NULL, '', NULL, '0.00', 0),
(995, 406, 3, NULL, '', NULL, '0.00', 0),
(996, 406, 4, '2018-11-18', '444/P.PROV-KKI/IV/2019', '2019-04-30', '70.00', 0),
(997, 406, 5, NULL, '', NULL, '0.00', 1),
(998, 407, 2, NULL, '', NULL, '0.00', 0),
(999, 407, 3, NULL, '', NULL, '0.00', 0),
(1000, 407, 4, '2018-11-18', '445/P.PROV-KKI/IV/2019', '2019-04-30', '70.00', 0),
(1001, 407, 5, NULL, '', NULL, '0.00', 1),
(1002, 408, 2, NULL, '', NULL, '0.00', 0),
(1003, 408, 3, NULL, '', NULL, '0.00', 0),
(1004, 408, 4, '2018-11-18', '446/P.PROV-KKI/IV/2019', '2019-04-30', '70.00', 0),
(1005, 408, 5, NULL, '', NULL, '0.00', 1),
(1006, 409, 2, NULL, '', NULL, '0.00', 0),
(1007, 409, 3, NULL, '', NULL, '0.00', 0),
(1008, 409, 4, '2018-11-18', '475/P.PROV-KKI/IV/2019', '2019-04-30', '70.00', 0),
(1009, 409, 5, NULL, '', NULL, '0.00', 1),
(1010, 410, 2, NULL, '', NULL, '0.00', 0),
(1011, 410, 3, NULL, '', NULL, '0.00', 0),
(1012, 410, 4, '2018-12-16', '476/P.PROV-KKI/IV/2019', '2019-04-30', '70.00', 0),
(1013, 410, 5, NULL, '', NULL, '0.00', 1),
(1014, 411, 2, NULL, '', NULL, '0.00', 0),
(1015, 411, 3, NULL, '', NULL, '0.00', 0),
(1016, 411, 4, '2018-12-16', '447/P.PROV-KKI/IV/2019', '2019-04-30', '70.00', 0),
(1017, 411, 5, NULL, '', NULL, '0.00', 1),
(1018, 412, 2, NULL, '', NULL, '0.00', 0),
(1019, 412, 3, NULL, '', NULL, '0.00', 0),
(1020, 412, 4, '2018-12-16', '477/P.PROV-KKI/IV/2019', '2019-04-30', '70.00', 0),
(1021, 412, 5, NULL, '', NULL, '0.00', 1),
(1022, 413, 2, NULL, '', NULL, '0.00', 0),
(1023, 413, 3, NULL, '', NULL, '0.00', 0),
(1024, 413, 4, '2018-12-16', '478/P.PROV-KKI/IV/2019', '2019-04-30', '70.00', 0),
(1025, 413, 5, NULL, '', NULL, '0.00', 1),
(1026, 414, 2, NULL, '', NULL, '0.00', 0),
(1027, 414, 3, NULL, '', NULL, '0.00', 0),
(1028, 414, 4, '2018-12-16', '479/P.PROV-KKI/IV/2019', '2019-04-30', '70.00', 0),
(1029, 414, 5, NULL, '', NULL, '0.00', 1),
(1030, 415, 2, NULL, '', NULL, '0.00', 0),
(1031, 415, 3, NULL, '', NULL, '0.00', 0),
(1032, 415, 4, '2018-12-09', '515/P.PROV-KKI/IV/2019', '2019-04-30', '70.00', 0),
(1033, 415, 5, NULL, '', NULL, '0.00', 1),
(1034, 416, 2, NULL, '', NULL, '0.00', 0),
(1035, 416, 3, NULL, '', NULL, '0.00', 0),
(1036, 416, 4, '2018-12-09', '516/P.PROV-KKI/IV/2019', '2019-04-30', '70.00', 0),
(1037, 416, 5, NULL, '', NULL, '0.00', 1),
(1038, 417, 2, NULL, '', NULL, '0.00', 0),
(1039, 417, 3, NULL, '', NULL, '0.00', 0),
(1040, 417, 4, '2018-12-09', '517/P.PROV-KKI/IV/2019', '2019-04-30', '70.00', 0),
(1041, 417, 5, NULL, '', NULL, '0.00', 1),
(1042, 418, 2, NULL, '', NULL, '0.00', 0),
(1043, 418, 3, NULL, '', NULL, '0.00', 0),
(1044, 418, 4, '2018-12-09', '518/P.PROV-KKI/IV/2019', '2019-04-30', '70.00', 0),
(1045, 418, 5, NULL, '', NULL, '0.00', 1),
(1046, 419, 2, NULL, '', NULL, '0.00', 0),
(1047, 419, 3, NULL, '', NULL, '0.00', 0),
(1048, 419, 4, '2018-12-09', '519/P.PROV-KKI/IV/2019', '2019-04-30', '70.00', 0),
(1049, 419, 5, NULL, '', NULL, '0.00', 1),
(1050, 420, 2, NULL, '', NULL, '0.00', 0),
(1051, 420, 3, NULL, '', NULL, '0.00', 0),
(1052, 420, 4, '2018-12-09', '520/P.PROV-KKI/IV/2019', '2019-04-30', '70.00', 0),
(1053, 420, 5, NULL, '', NULL, '0.00', 1),
(1054, 421, 2, NULL, '', NULL, '0.00', 0),
(1055, 421, 3, NULL, '', NULL, '0.00', 0),
(1056, 421, 4, '2018-11-25', '530/P.PROV-KKI/IV/2019', '2019-04-30', '70.00', 0),
(1057, 421, 5, NULL, '', NULL, '0.00', 1),
(1058, 422, 2, NULL, '', NULL, '0.00', 0),
(1059, 422, 3, NULL, '', NULL, '0.00', 0),
(1060, 422, 4, '2018-11-25', '531/P.PROV-KKI/IV/2019', '2019-04-30', '70.00', 0),
(1061, 422, 5, NULL, '', NULL, '0.00', 1),
(1062, 423, 2, NULL, '', NULL, '0.00', 0),
(1063, 423, 3, NULL, '', NULL, '0.00', 0),
(1064, 423, 4, '2018-11-25', '532/P.PROV-KKI/IV/2019', '2019-04-30', '70.00', 0),
(1065, 423, 5, NULL, '', NULL, '0.00', 1),
(1066, 424, 2, NULL, '', NULL, '0.00', 0),
(1067, 424, 3, NULL, '', NULL, '0.00', 0),
(1068, 424, 4, '2018-11-25', '533/P.PROV-KKI/IV/2019', '2019-04-30', '70.00', 0),
(1069, 424, 5, NULL, '', NULL, '0.00', 1),
(1070, 425, 2, NULL, '', NULL, '0.00', 0),
(1071, 425, 3, NULL, '', NULL, '0.00', 0),
(1072, 425, 4, NULL, '', NULL, '0.00', 0),
(1073, 425, 5, '2019-01-27', '209/P.PROV-KKI/III/2019', '2019-03-30', '78.40', 0),
(1074, 425, 6, NULL, '', NULL, '0.00', 1),
(1075, 426, 2, NULL, '', NULL, '0.00', 0),
(1076, 426, 3, NULL, '', NULL, '0.00', 0),
(1077, 426, 4, NULL, '', NULL, '0.00', 0),
(1078, 426, 5, '2019-01-27', '210/P.PROV-KKI/III/2019', '2019-03-30', '76.30', 0),
(1079, 426, 6, NULL, '', NULL, '0.00', 1),
(1080, 427, 2, NULL, '', NULL, '0.00', 0),
(1081, 427, 3, NULL, '', NULL, '0.00', 0),
(1082, 427, 4, NULL, '', NULL, '0.00', 0),
(1083, 427, 5, '2019-01-27', '211/P.PROV-KKI/III/2019', '2019-03-30', '76.00', 0),
(1084, 427, 6, NULL, '', NULL, '0.00', 1),
(1085, 428, 2, NULL, '', NULL, '0.00', 0),
(1086, 428, 3, NULL, '', NULL, '0.00', 0),
(1087, 428, 4, NULL, '', NULL, '0.00', 0),
(1088, 428, 5, '2019-01-27', '217/P.PROV-KKI/III/2019', '2019-03-30', '67.60', 0),
(1089, 428, 6, NULL, '', NULL, '0.00', 1),
(1090, 429, 2, NULL, '', NULL, '0.00', 0),
(1091, 429, 3, NULL, '', NULL, '0.00', 0),
(1092, 429, 4, NULL, '', NULL, '0.00', 0),
(1093, 429, 5, '2019-01-27', '218/P.PROV-KKI/III/2019', '2019-03-30', '77.00', 0),
(1094, 429, 6, NULL, '', NULL, '0.00', 1),
(1095, 430, 2, NULL, '', NULL, '0.00', 0),
(1096, 430, 3, NULL, '', NULL, '0.00', 0),
(1097, 430, 4, NULL, '', NULL, '0.00', 0),
(1098, 430, 5, '2019-01-27', '219/P.PROV-KKI/III/2019', '2019-03-30', '76.70', 0),
(1099, 430, 6, NULL, '', NULL, '0.00', 1),
(1100, 431, 2, NULL, '', NULL, '0.00', 0),
(1101, 431, 3, NULL, '', NULL, '0.00', 0),
(1102, 431, 4, NULL, '', NULL, '0.00', 0),
(1103, 431, 5, '2019-01-27', '220/P.PROV-KKI/III/2019', '2019-03-30', '76.90', 0),
(1104, 431, 6, NULL, '', NULL, '0.00', 1),
(1105, 432, 2, NULL, '', NULL, '0.00', 0),
(1106, 432, 3, NULL, '', NULL, '0.00', 0),
(1107, 432, 4, NULL, '', NULL, '0.00', 0),
(1108, 432, 5, '2019-01-27', '221/P.PROV-KKI/III/2019', '2019-03-30', '76.00', 0),
(1109, 432, 6, NULL, '', NULL, '0.00', 1),
(1110, 433, 2, NULL, '', NULL, '0.00', 0),
(1111, 433, 3, NULL, '', NULL, '0.00', 0),
(1112, 433, 4, NULL, '', NULL, '0.00', 0),
(1113, 433, 5, '2019-01-27', '222/P.PROV-KKI/III/2019', '2019-03-30', '76.10', 0),
(1114, 433, 6, NULL, '', NULL, '0.00', 1),
(1115, 434, 2, NULL, '', NULL, '0.00', 0),
(1116, 434, 3, NULL, '', NULL, '0.00', 0),
(1117, 434, 4, NULL, '', NULL, '0.00', 0),
(1118, 434, 5, '2019-01-27', '223/P.PROV-KKI/III/2019', '2019-03-30', '77.40', 0),
(1119, 434, 6, NULL, '', NULL, '0.00', 1),
(1120, 435, 2, NULL, '', NULL, '0.00', 0),
(1121, 435, 3, NULL, '', NULL, '0.00', 0),
(1122, 435, 4, NULL, '', NULL, '0.00', 0),
(1123, 435, 5, '2019-01-27', '224/P.PROV-KKI/III/2019', '2019-03-30', '76.40', 0),
(1124, 435, 6, NULL, '', NULL, '0.00', 1),
(1125, 436, 2, NULL, '', NULL, '0.00', 0),
(1126, 436, 3, NULL, '', NULL, '0.00', 0),
(1127, 436, 4, NULL, '', NULL, '0.00', 0),
(1128, 436, 5, '2019-01-27', '225/P.PROV-KKI/III/2019', '2019-03-30', '76.00', 0),
(1129, 436, 6, NULL, '', NULL, '0.00', 1),
(1130, 437, 2, NULL, '', NULL, '0.00', 0),
(1131, 437, 3, NULL, '', NULL, '0.00', 0),
(1132, 437, 4, NULL, '', NULL, '0.00', 0),
(1133, 437, 5, '2019-01-27', '226/P.PROV-KKI/III/2019', '2019-03-30', '75.70', 0),
(1134, 437, 6, NULL, '', NULL, '0.00', 1),
(1135, 438, 2, NULL, '', NULL, '0.00', 0),
(1136, 438, 3, NULL, '', NULL, '0.00', 0),
(1137, 438, 4, NULL, '', NULL, '0.00', 0),
(1138, 438, 5, '2019-01-27', '227/P.PROV-KKI/III/2019', '2019-03-30', '75.10', 0),
(1139, 438, 6, NULL, '', NULL, '0.00', 1),
(1140, 439, 2, NULL, '', NULL, '0.00', 0),
(1141, 439, 3, NULL, '', NULL, '0.00', 0),
(1142, 439, 4, NULL, '', NULL, '0.00', 0),
(1143, 439, 5, '2018-12-09', '353/P.PROV-KKI/IV/2019', '2019-04-30', '70.70', 0),
(1144, 439, 6, NULL, '', NULL, '0.00', 1),
(1145, 440, 2, NULL, '', NULL, '0.00', 0),
(1146, 440, 3, NULL, '', NULL, '0.00', 0),
(1147, 440, 4, NULL, '', NULL, '0.00', 0),
(1148, 440, 5, '2018-11-18', '379/P.PROV-KKI/IV/2019', '2019-04-30', '70.70', 0),
(1149, 440, 6, NULL, '', NULL, '0.00', 1),
(1150, 441, 2, NULL, '', NULL, '0.00', 0),
(1151, 441, 3, NULL, '', NULL, '0.00', 0),
(1152, 441, 4, NULL, '', NULL, '0.00', 0),
(1153, 441, 5, '2018-11-18', '380/P.PROV-KKI/IV/2019', '2019-04-30', '70.70', 0),
(1154, 441, 6, NULL, '', NULL, '0.00', 1),
(1155, 442, 2, NULL, '', NULL, '0.00', 0),
(1156, 442, 3, NULL, '', NULL, '0.00', 0),
(1157, 442, 4, NULL, '', NULL, '0.00', 0),
(1158, 442, 5, '2018-12-09', '514/P.PROV-KKI/IV/2019', '2019-04-30', '70.70', 0),
(1159, 442, 6, NULL, '', NULL, '0.00', 1),
(1160, 443, 2, NULL, '', NULL, '0.00', 0),
(1161, 443, 3, NULL, '', NULL, '0.00', 0),
(1162, 443, 4, NULL, '', NULL, '0.00', 0),
(1163, 443, 5, '2018-11-25', '529/P.PROV-KKI/IV/2019', '2019-04-30', '70.70', 0),
(1164, 443, 6, NULL, '', NULL, '0.00', 1);

-- --------------------------------------------------------

--
-- Struktur dari tabel `sabuk`
--

CREATE TABLE `sabuk` (
  `id_sabuk` int(11) NOT NULL,
  `nama_sabuk` varchar(100) NOT NULL,
  `warna_sabuk` varchar(50) NOT NULL,
  `warna_tulisan` varchar(50) NOT NULL,
  `tingkatan_sabuk` varchar(10) NOT NULL
) ENGINE=InnoDB DEFAULT CHARSET=latin1;

--
-- Dumping data untuk tabel `sabuk`
--

INSERT INTO `sabuk` (`id_sabuk`, `nama_sabuk`, `warna_sabuk`, `warna_tulisan`, `tingkatan_sabuk`) VALUES
(1, 'Putih', '#FFFFFF', '#000000', 'VII'),
(2, 'Kuning', '#FFFF00', '#8B4513', 'VI'),
(3, 'Hijau', '#00FF00', '#F4A460', 'V'),
(4, 'Biru Muda', '#87CEEB', '#00008B', 'IV'),
(5, 'Biru Tua', '#00008B', '#87CEEB', 'III'),
(6, 'Coklat Muda', '#F4A460', '#00FF00', 'II'),
(7, 'Coklat Tua', '#8B4513', '#FFFF00', 'I'),
(8, 'Hitam', '#000000', '#FFFFFF', 's');

-- --------------------------------------------------------

--
-- Struktur dari tabel `user`
--

CREATE TABLE `user` (
  `id` int(11) NOT NULL,
  `name` varchar(128) NOT NULL,
  `usrname` varchar(128) NOT NULL,
  `email` varchar(128) DEFAULT NULL,
  `password` varchar(256) NOT NULL,
  `role_id` int(11) NOT NULL,
  `is_active` int(1) NOT NULL,
  `date_user` int(11) NOT NULL
) ENGINE=InnoDB DEFAULT CHARSET=latin1;

--
-- Dumping data untuk tabel `user`
--

INSERT INTO `user` (`id`, `name`, `usrname`, `email`, `password`, `role_id`, `is_active`, `date_user`) VALUES
(1, 'Okky Maheswara', 'putuokky', 'okkymahes@gmail.com', '$2y$10$p7MPGe3IGqcWU5TIyEFCEuH/BqcPqlYnArP5YvFaAVJ6MMdptaz/a', 1, 1, 1585405006),
(2, 'admin', '', 'admin@gmail.com', '$2y$10$7.1knAbxrSPSzaTSv0pspOttoD/qfey53MAS7hJoDQ1ubfKlMB69C', 2, 1, 1585571523),
(3, 'aaaa', '', 'aaa@gmail.com', '$2y$10$q5p.yYgcokvTylethFwpwe7.tnG0qnUujLHcu3t3363h/RKT99106', 3, 1, 1593428955),
(4, 'wwww', 'qqq', '', '$2y$10$BUixSsVN9ewpuiu.BLE2OOPv0fFoNeePHuthsTEGwGSSMEzt4jXnG', 1, 0, 1595059607);

-- --------------------------------------------------------

--
-- Struktur dari tabel `user_access_menu`
--

CREATE TABLE `user_access_menu` (
  `id` int(11) NOT NULL,
  `role_id` int(11) NOT NULL,
  `menu_id` int(11) NOT NULL
) ENGINE=InnoDB DEFAULT CHARSET=latin1;

--
-- Dumping data untuk tabel `user_access_menu`
--

INSERT INTO `user_access_menu` (`id`, `role_id`, `menu_id`) VALUES
(1, 1, 6),
(2, 1, 4),
(4, 1, 3),
(5, 1, 2),
(6, 2, 6),
(7, 2, 4),
(8, 2, 2),
(9, 2, 8),
(10, 3, 6),
(11, 3, 4),
(12, 3, 2),
(14, 2, 9),
(15, 1, 9);

-- --------------------------------------------------------

--
-- Struktur dari tabel `user_menu`
--

CREATE TABLE `user_menu` (
  `id` int(11) NOT NULL,
  `menu` varchar(128) DEFAULT NULL,
  `is_active_menu` int(1) NOT NULL,
  `urutan_user_menu` int(5) NOT NULL
) ENGINE=InnoDB DEFAULT CHARSET=latin1;

--
-- Dumping data untuk tabel `user_menu`
--

INSERT INTO `user_menu` (`id`, `menu`, `is_active_menu`, `urutan_user_menu`) VALUES
(2, 'Add On', 1, 3),
(3, 'Master', 1, 6),
(4, 'Interface', 1, 2),
(6, 'Home', 1, 1),
(8, 'Settings', 1, 4);

-- --------------------------------------------------------

--
-- Struktur dari tabel `user_role`
--

CREATE TABLE `user_role` (
  `id_role` int(11) NOT NULL,
  `role` varchar(128) NOT NULL
) ENGINE=InnoDB DEFAULT CHARSET=latin1;

--
-- Dumping data untuk tabel `user_role`
--

INSERT INTO `user_role` (`id_role`, `role`) VALUES
(1, 'Super Administrator'),
(2, 'Administrator'),
(3, 'Operator');

-- --------------------------------------------------------

--
-- Struktur dari tabel `user_sub_menu`
--

CREATE TABLE `user_sub_menu` (
  `id_user_sub_menu` int(11) NOT NULL,
  `menu_id` int(11) NOT NULL,
  `submenu` varchar(128) NOT NULL,
  `url` varchar(128) NOT NULL,
  `icon` varchar(128) NOT NULL,
  `is_active` int(1) NOT NULL,
  `urutan_user_sub_menu` int(5) NOT NULL
) ENGINE=InnoDB DEFAULT CHARSET=latin1;

--
-- Dumping data untuk tabel `user_sub_menu`
--

INSERT INTO `user_sub_menu` (`id_user_sub_menu`, `menu_id`, `submenu`, `url`, `icon`, `is_active`, `urutan_user_sub_menu`) VALUES
(1, 2, 'Dojo', 'log/dojo', 'nav-icon fas fa-warehouse', 1, 1),
(2, 3, 'User', 'log/user', 'nav-icon fas fa-user', 1, 1),
(3, 4, 'Biodata', 'log/biodata', 'nav-icon fas fa-id-card-alt', 1, 1),
(4, 4, 'Karateka', 'log/karateka', 'nav-icon far fa-image', 1, 2),
(5, 4, 'Ujian', 'log/ujian', 'nav-icon fas fa-file-signature', 1, 3),
(6, 4, 'Ijasah', 'log/ijasah', 'nav-icon fas fa-file', 1, 4),
(7, 2, 'Sabuk', 'log/sabuk', 'nav-icon fas fa-child', 1, 2),
(8, 3, 'Role User', 'log/roleuser', 'nav-icon fas fa-users-cog', 1, 2),
(9, 3, 'Menu Management', 'log/menu', 'nav-icon fas fa-folder', 1, 3),
(10, 3, 'SubMenu Management', 'log/submenu', 'nav-icon fas fa-folder-open', 1, 4),
(11, 3, 'Configuration', 'log/config', 'nav-icon fas fa-cogs', 1, 5),
(13, 6, 'Dashboard', 'log/dashboard', 'nav-icon fas fa-tachometer-alt', 1, 1),
(14, 8, 'User', 'log/user', 'nav-icon fas fa-user', 1, 1),
(16, 8, 'Configuration', 'log/config', 'nav-icon fas fa-cogs', 1, 2);

--
-- Indexes for dumped tables
--

--
-- Indeks untuk tabel `biodata`
--
ALTER TABLE `biodata`
  ADD PRIMARY KEY (`id_biodata`);

--
-- Indeks untuk tabel `config`
--
ALTER TABLE `config`
  ADD PRIMARY KEY (`id_config`);

--
-- Indeks untuk tabel `dojo`
--
ALTER TABLE `dojo`
  ADD PRIMARY KEY (`id_dojo`);

--
-- Indeks untuk tabel `karateka`
--
ALTER TABLE `karateka`
  ADD PRIMARY KEY (`id_karateka`);

--
-- Indeks untuk tabel `sabuk`
--
ALTER TABLE `sabuk`
  ADD PRIMARY KEY (`id_sabuk`);

--
-- Indeks untuk tabel `user`
--
ALTER TABLE `user`
  ADD PRIMARY KEY (`id`);

--
-- Indeks untuk tabel `user_access_menu`
--
ALTER TABLE `user_access_menu`
  ADD PRIMARY KEY (`id`);

--
-- Indeks untuk tabel `user_menu`
--
ALTER TABLE `user_menu`
  ADD PRIMARY KEY (`id`);

--
-- Indeks untuk tabel `user_role`
--
ALTER TABLE `user_role`
  ADD PRIMARY KEY (`id_role`);

--
-- Indeks untuk tabel `user_sub_menu`
--
ALTER TABLE `user_sub_menu`
  ADD PRIMARY KEY (`id_user_sub_menu`);

--
-- AUTO_INCREMENT untuk tabel yang dibuang
--

--
-- AUTO_INCREMENT untuk tabel `biodata`
--
ALTER TABLE `biodata`
  MODIFY `id_biodata` int(11) NOT NULL AUTO_INCREMENT, AUTO_INCREMENT=448;

--
-- AUTO_INCREMENT untuk tabel `config`
--
ALTER TABLE `config`
  MODIFY `id_config` int(11) NOT NULL AUTO_INCREMENT, AUTO_INCREMENT=5;

--
-- AUTO_INCREMENT untuk tabel `dojo`
--
ALTER TABLE `dojo`
  MODIFY `id_dojo` int(11) NOT NULL AUTO_INCREMENT, AUTO_INCREMENT=24;

--
-- AUTO_INCREMENT untuk tabel `karateka`
--
ALTER TABLE `karateka`
  MODIFY `id_karateka` int(11) NOT NULL AUTO_INCREMENT, AUTO_INCREMENT=1168;

--
-- AUTO_INCREMENT untuk tabel `sabuk`
--
ALTER TABLE `sabuk`
  MODIFY `id_sabuk` int(11) NOT NULL AUTO_INCREMENT, AUTO_INCREMENT=9;

--
-- AUTO_INCREMENT untuk tabel `user`
--
ALTER TABLE `user`
  MODIFY `id` int(11) NOT NULL AUTO_INCREMENT, AUTO_INCREMENT=5;

--
-- AUTO_INCREMENT untuk tabel `user_access_menu`
--
ALTER TABLE `user_access_menu`
  MODIFY `id` int(11) NOT NULL AUTO_INCREMENT, AUTO_INCREMENT=16;

--
-- AUTO_INCREMENT untuk tabel `user_menu`
--
ALTER TABLE `user_menu`
  MODIFY `id` int(11) NOT NULL AUTO_INCREMENT, AUTO_INCREMENT=10;

--
-- AUTO_INCREMENT untuk tabel `user_role`
--
ALTER TABLE `user_role`
  MODIFY `id_role` int(11) NOT NULL AUTO_INCREMENT, AUTO_INCREMENT=4;

--
-- AUTO_INCREMENT untuk tabel `user_sub_menu`
--
ALTER TABLE `user_sub_menu`
  MODIFY `id_user_sub_menu` int(11) NOT NULL AUTO_INCREMENT, AUTO_INCREMENT=17;
COMMIT;

/*!40101 SET CHARACTER_SET_CLIENT=@OLD_CHARACTER_SET_CLIENT */;
/*!40101 SET CHARACTER_SET_RESULTS=@OLD_CHARACTER_SET_RESULTS */;
/*!40101 SET COLLATION_CONNECTION=@OLD_COLLATION_CONNECTION */;
